id,km,month,km_to_inspect,is_change,is_maintenance,description,brand,m_name,model
1,5000,3,,0,0,,3,1,14
2,5000,3,,0,0,,3,2,14
3,15000,12,,0,0,,3,3,14
4,40000,36,,0,0,,3,5,14
5,15000,12,,0,0,,3,17,14
6,15000,12,,0,0,,3,18,14
7,60000,48,,0,0,,3,19,14
8,15000,12,,0,0,,3,20,14
9,15000,12,,0,0,,3,21,14
10,15000,12,,0,0,,3,22,14
11,15000,12,,0,0,,3,23,14
12,30000,24,,0,0,,3,16,14
13,30000,24,,0,0,,3,12,14
14,5000,3,,0,0,,3,1,15
15,5000,3,,0,0,,3,2,15
16,15000,12,,0,0,,3,3,15
17,40000,36,,0,0,,3,5,15
18,15000,12,,0,0,,3,17,15
19,15000,12,,0,0,,3,18,15
20,60000,48,,0,0,,3,19,15
21,15000,12,,0,0,,3,20,15
22,15000,12,,0,0,,3,21,15
23,15000,12,,0,0,,3,22,15
24,15000,12,,0,0,,3,23,15
25,30000,24,,0,0,,3,16,15
26,15000,12,,0,0,,3,12,15
27,5000,3,,0,0,,3,1,18
28,5000,3,,0,0,,3,2,18
29,15000,12,,0,0,,3,3,18
30,40000,36,,0,0,,3,5,18
31,15000,12,,0,0,,3,17,18
32,15000,12,,0,0,,3,18,18
33,60000,48,,0,0,,3,19,18
34,15000,12,,0,0,,3,20,18
35,15000,12,,0,0,,3,21,18
36,15000,12,,0,0,,3,22,18
37,15000,12,,0,0,,3,23,18
38,30000,24,,0,0,,3,16,18
39,15000,12,,0,0,,3,12,18
40,10000,12,,0,0,,3,1,16
41,10000,12,,0,0,,3,2,16
42,15000,12,,0,0,,3,3,16
43,40000,36,,0,0,,3,5,16
44,15000,12,,0,0,,3,17,16
45,15000,12,,0,0,,3,18,16
46,60000,48,,0,0,,3,19,16
47,30000,24,,0,0,,3,20,16
48,15000,12,,0,0,,3,21,16
49,15000,12,,0,0,,3,22,16
50,15000,12,,0,0,,3,23,16
51,30000,24,,0,0,,3,16,16
52,30000,24,,0,0,,3,12,16
53,10000,12,,0,0,,3,1,17
54,10000,12,,0,0,,3,2,17
55,15000,12,,0,0,,3,3,17
56,40000,36,,0,0,,3,5,17
57,15000,12,,0,0,,3,17,17
58,15000,12,,0,0,,3,18,17
59,60000,48,,0,0,,3,19,17
60,30000,24,,0,0,,3,20,17
61,15000,12,,0,0,,3,21,17
62,15000,12,,0,0,,3,22,17
63,15000,12,,0,0,,3,23,17
64,30000,24,,0,0,,3,16,17
65,30000,24,,0,0,,3,12,17
66,10000,12,,0,0,,3,1,19
67,10000,12,,0,0,,3,2,19
68,15000,12,,0,0,,3,3,19
69,40000,36,,0,0,,3,5,19
70,15000,12,,0,0,,3,17,19
71,15000,12,,0,0,,3,18,19
72,60000,48,,0,0,,3,19,19
73,30000,24,,0,0,,3,20,19
74,15000,12,,0,0,,3,21,19
75,15000,12,,0,0,,3,22,19
76,15000,12,,0,0,,3,23,19
77,30000,24,,0,0,,3,16,19
78,30000,24,,0,0,,3,12,19
79,7500,12,,0,0,,3,1,20
80,7500,12,,0,0,,3,2,20
81,15000,12,,0,0,,3,3,20
82,40000,36,,0,0,,3,5,20
83,15000,12,,0,0,,3,17,20
84,15000,12,,0,0,,3,18,20
85,60000,48,,0,0,,3,19,20
86,15000,12,,0,0,,3,22,20
87,15000,12,,0,0,,3,23,20
88,30000,24,,0,0,,3,16,20
89,15000,12,,0,0,,3,12,20
90,7500,12,,0,0,,3,1,21
91,7500,12,,0,0,,3,2,21
92,15000,12,,0,0,,3,3,21
93,150000,,,0,0,,3,5,21
94,15000,12,,0,0,,3,17,21
95,15000,12,,0,0,,3,18,21
96,60000,48,,0,0,,3,19,21
97,15000,12,,0,0,,3,22,21
98,15000,12,,0,0,,3,23,21
99,30000,24,,0,0,,3,16,21
100,15000,12,,0,0,,3,12,21
101,7500,12,,0,0,,3,1,22
102,7500,12,,0,0,,3,2,22
103,15000,12,,0,0,,3,3,22
104,60000,48,,0,0,,3,5,22
105,15000,12,,0,0,,3,17,22
106,15000,12,,0,0,,3,18,22
107,60000,48,,0,0,,3,19,22
108,30000,24,,0,0,,3,21,22
109,15000,12,,0,0,,3,22,22
110,15000,12,,0,0,,3,23,22
111,30000,24,,0,0,,3,16,22
112,30000,24,,0,0,,3,12,22
113,15000,,,0,0,,4,1,1
114,15000,,,0,0,,4,2,1
115,10000,,,0,0,,4,3,1
116,30000,,,0,0,,4,4,1
117,60000,,,0,0,,4,5,1
118,30000,,150000,0,0,,4,6,1
119,30000,,,0,0,,4,7,1
120,10000,,,0,0,,4,8,1
121,10000,,,0,0,,4,9,1
122,30000,,,0,0,,4,10,1
123,10000,,,0,0,,4,11,1
124,10000,,,0,0,,4,12,1
125,30000,,,0,0,,4,13,1
126,30000,,,0,0,,4,14,1
127,10000,,,0,0,,4,15,1
128,90000,,,0,0,,4,16,1
129,15000,,,0,0,,4,1,2
130,15000,,,0,0,,4,2,2
131,10000,,,0,0,,4,3,2
132,30000,,,0,0,,4,4,2
133,60000,,,0,0,,4,5,2
134,30000,,150000,0,0,,4,6,2
135,30000,,,0,0,,4,7,2
136,10000,,,0,0,,4,8,2
137,10000,,,0,0,,4,9,2
138,30000,,,0,0,,4,10,2
139,10000,,,0,0,,4,11,2
140,10000,,,0,0,,4,12,2
141,30000,,,0,0,,4,13,2
142,30000,,,0,0,,4,14,2
143,10000,,,0,0,,4,15,2
144,90000,,,0,0,,4,16,2
145,15000,,,0,0,,4,1,3
146,15000,,,0,0,,4,2,3
147,10000,,,0,0,,4,3,3
148,30000,,,0,0,,4,4,3
149,60000,,,0,0,,4,5,3
150,30000,,150000,0,0,,4,6,3
151,30000,,,0,0,,4,7,3
152,10000,,,0,0,,4,8,3
153,10000,,,0,0,,4,9,3
154,30000,,,0,0,,4,10,3
155,10000,,,0,0,,4,11,3
156,10000,,,0,0,,4,12,3
157,30000,,,0,0,,4,13,3
158,30000,,,0,0,,4,14,3
159,10000,,,0,0,,4,15,3
160,90000,,,0,0,,4,16,3
161,15000,,,0,0,,4,1,4
162,15000,,,0,0,,4,2,4
163,10000,,,0,0,,4,3,4
164,30000,,,0,0,,4,4,4
165,60000,,,0,0,,4,5,4
166,30000,,150000,0,0,,4,6,4
167,30000,,,0,0,,4,7,4
168,10000,,,0,0,,4,8,4
169,10000,,,0,0,,4,9,4
170,30000,,,0,0,,4,10,4
171,10000,,,0,0,,4,11,4
172,10000,,,0,0,,4,12,4
173,30000,,,0,0,,4,13,4
174,30000,,,0,0,,4,14,4
175,10000,,,0,0,,4,15,4
176,90000,,,0,0,,4,16,4
177,15000,,,0,0,,4,1,5
178,15000,,,0,0,,4,2,5
179,10000,,,0,0,,4,3,5
180,30000,,,0,0,,4,4,5
181,60000,,,0,0,,4,5,5
182,30000,,150000,0,0,,4,6,5
183,30000,,,0,0,,4,7,5
184,10000,,,0,0,,4,8,5
185,10000,,,0,0,,4,9,5
186,30000,,,0,0,,4,10,5
187,10000,,,0,0,,4,11,5
188,10000,,,0,0,,4,12,5
189,30000,,,0,0,,4,13,5
190,30000,,,0,0,,4,14,5
191,10000,,,0,0,,4,15,5
192,90000,,,0,0,,4,16,5
193,15000,,,0,0,,4,1,6
194,15000,,,0,0,,4,2,6
195,10000,,,0,0,,4,3,6
196,30000,,,0,0,,4,4,6
197,60000,,,0,0,,4,5,6
198,30000,,150000,0,0,,4,6,6
199,30000,,,0,0,,4,7,6
200,10000,,,0,0,,4,8,6
201,10000,,,0,0,,4,9,6
202,30000,,,0,0,,4,10,6
203,10000,,,0,0,,4,11,6
204,10000,,,0,0,,4,12,6
205,30000,,,0,0,,4,13,6
206,30000,,,0,0,,4,14,6
207,10000,,,0,0,,4,15,6
208,90000,,,0,0,,4,16,6
209,15000,,,0,0,,4,1,7
210,15000,,,0,0,,4,2,7
211,10000,,,0,0,,4,3,7
212,30000,,,0,0,,4,4,7
213,60000,,,0,0,,4,5,7
214,30000,,150000,0,0,,4,6,7
215,30000,,,0,0,,4,7,7
216,10000,,,0,0,,4,8,7
217,10000,,,0,0,,4,9,7
218,30000,,,0,0,,4,10,7
219,10000,,,0,0,,4,11,7
220,10000,,,0,0,,4,12,7
221,30000,,,0,0,,4,13,7
222,30000,,,0,0,,4,14,7
223,10000,,,0,0,,4,15,7
224,90000,,,0,0,,4,16,7
225,15000,,,0,0,,4,1,8
226,15000,,,0,0,,4,2,8
227,10000,,,0,0,,4,3,8
228,30000,,,0,0,,4,4,8
229,60000,,,0,0,,4,5,8
230,30000,,150000,0,0,,4,6,8
231,30000,,,0,0,,4,7,8
232,10000,,,0,0,,4,8,8
233,10000,,,0,0,,4,9,8
234,30000,,,0,0,,4,10,8
235,10000,,,0,0,,4,11,8
236,10000,,,0,0,,4,12,8
237,30000,,,0,0,,4,13,8
238,30000,,,0,0,,4,14,8
239,10000,,,0,0,,4,15,8
240,90000,,,0,0,,4,16,8
241,15000,,,0,0,,4,1,9
242,15000,,,0,0,,4,2,9
243,10000,,,0,0,,4,3,9
244,30000,,,0,0,,4,4,9
245,60000,,,0,0,,4,5,9
246,30000,,150000,0,0,,4,6,9
247,30000,,,0,0,,4,7,9
248,10000,,,0,0,,4,8,9
249,10000,,,0,0,,4,9,9
250,30000,,,0,0,,4,10,9
251,10000,,,0,0,,4,11,9
252,10000,,,0,0,,4,12,9
253,30000,,,0,0,,4,13,9
254,30000,,,0,0,,4,14,9
255,10000,,,0,0,,4,15,9
256,90000,,,0,0,,4,16,9
257,15000,,,0,0,,4,1,10
258,15000,,,0,0,,4,2,10
259,10000,,,0,0,,4,3,10
260,30000,,,0,0,,4,4,10
261,60000,,,0,0,,4,5,10
262,30000,,150000,0,0,,4,6,10
263,30000,,,0,0,,4,7,10
264,10000,,,0,0,,4,8,10
265,10000,,,0,0,,4,9,10
266,30000,,,0,0,,4,10,10
267,10000,,,0,0,,4,11,10
268,10000,,,0,0,,4,12,10
269,30000,,,0,0,,4,13,10
270,30000,,,0,0,,4,14,10
271,10000,,,0,0,,4,15,10
272,90000,,,0,0,,4,16,10
273,15000,,,0,0,,4,1,11
274,15000,,,0,0,,4,2,11
275,10000,,,0,0,,4,3,11
276,30000,,,0,0,,4,4,11
277,60000,,,0,0,,4,5,11
278,30000,,150000,0,0,,4,6,11
279,30000,,,0,0,,4,7,11
280,10000,,,0,0,,4,8,11
281,10000,,,0,0,,4,9,11
282,30000,,,0,0,,4,10,11
283,10000,,,0,0,,4,11,11
284,10000,,,0,0,,4,12,11
285,30000,,,0,0,,4,13,11
286,30000,,,0,0,,4,14,11
287,10000,,,0,0,,4,15,11
288,90000,,,0,0,,4,16,11
289,15000,,,0,0,,4,1,12
290,15000,,,0,0,,4,2,12
291,10000,,,0,0,,4,3,12
292,30000,,,0,0,,4,4,12
293,60000,,,0,0,,4,5,12
294,30000,,150000,0,0,,4,6,12
295,30000,,,0,0,,4,7,12
296,10000,,,0,0,,4,8,12
297,10000,,,0,0,,4,9,12
298,30000,,,0,0,,4,10,12
299,10000,,,0,0,,4,11,12
300,10000,,,0,0,,4,12,12
301,30000,,,0,0,,4,13,12
302,30000,,,0,0,,4,14,12
303,10000,,,0,0,,4,15,12
304,90000,,,0,0,,4,16,12
305,15000,,,0,0,,4,1,13
306,15000,,,0,0,,4,2,13
307,10000,,,0,0,,4,3,13
308,30000,,,0,0,,4,4,13
309,60000,,,0,0,,4,5,13
310,30000,,150000,0,0,,4,6,13
311,30000,,,0,0,,4,7,13
312,10000,,,0,0,,4,8,13
313,10000,,,0,0,,4,9,13
314,30000,,,0,0,,4,10,13
315,10000,,,0,0,,4,11,13
316,10000,,,0,0,,4,12,13
317,30000,,,0,0,,4,13,13
318,30000,,,0,0,,4,14,13
319,10000,,,0,0,,4,15,13
320,90000,,,0,0,,4,16,13
321,5000,,,0,0,,2,1,23
322,5000,,,0,0,,2,2,23
323,10000,,,0,0,,2,3,23
324,30000,,,0,0,,2,5,23
325,15000,,,0,0,,2,17,23
326,15000,,,0,0,,2,24,23
327,25000,,,0,0,,2,25,23
328,5000,,,0,0,,2,26,23
329,65000,,,0,0,,2,27,23
330,65000,,,0,0,,2,28,23
331,5000,,,0,0,,2,1,24
332,5000,,,0,0,,2,2,24
333,10000,,,0,0,,2,3,24
334,30000,,,0,0,,2,5,24
335,15000,,,0,0,,2,17,24
336,15000,,,0,0,,2,24,24
337,25000,,,0,0,,2,25,24
338,5000,,,0,0,,2,26,24
339,65000,,,0,0,,2,27,24
340,65000,,,0,0,,2,28,24
341,5000,,,0,0,,2,1,25
342,5000,,,0,0,,2,2,25
343,10000,,,0,0,,2,3,25
344,30000,,,0,0,,2,5,25
345,15000,,,0,0,,2,17,25
346,15000,,,0,0,,2,24,25
347,20000,,,0,0,,2,25,25
348,15000,,,0,0,,2,26,25
349,70000,,,0,0,,2,27,25
350,70000,,,0,0,,2,28,25
351,10000,,,0,0,,2,1,26
352,10000,,,0,0,,2,2,26
353,10000,,,0,0,,2,3,26
354,60000,,,0,0,,2,5,26
355,10000,,,0,0,,2,17,26
356,10000,,,0,0,,2,24,26
357,20000,,,0,0,,2,25,26
358,10000,,,0,0,,2,26,26
359,40000,,,0,0,,2,27,26
360,80000,,,0,0,,2,28,26
361,10000,,,0,0,,2,1,117
362,10000,,,0,0,,2,2,117
363,10000,,,0,0,,2,3,117
364,40000,,,0,0,,2,5,117
365,20000,,,0,0,,2,17,117
366,10000,,,0,0,,2,24,117
367,20000,,,0,0,,2,25,117
368,20000,,,0,0,,2,26,117
369,40000,,,0,0,,2,27,117
370,40000,,,0,0,,2,28,117
371,5000,,,0,0,,2,1,28
372,5000,,,0,0,,2,2,28
373,10000,,,0,0,,2,3,28
374,30000,,,0,0,,2,5,28
375,20000,,,0,0,,2,17,28
376,15000,,,0,0,,2,24,28
377,20000,,,0,0,,2,25,28
378,5000,,,0,0,,2,26,28
379,45000,,,0,0,,2,27,28
380,45000,,,0,0,,2,28,28
381,10000,,,0,0,,2,1,29
382,10000,,,0,0,,2,2,29
383,10000,,,0,0,,2,3,29
384,40000,,,0,0,,2,5,29
385,20000,,,0,0,,2,17,29
386,10000,,,0,0,,2,24,29
387,30000,,,0,0,,2,25,29
388,10000,,,0,0,,2,26,29
389,100000,,,0,0,,2,27,29
390,100000,,,0,0,,2,28,29
391,5000,,,0,0,,2,1,30
392,5000,,,0,0,,2,2,30
393,10000,,,0,0,,2,3,30
394,30000,,,0,0,,2,5,30
395,20000,,,0,0,,2,17,30
396,10000,,,0,0,,2,24,30
397,20000,,,0,0,,2,25,30
398,20000,,,0,0,,2,27,30
399,20000,,,0,0,,2,28,30
400,10000,,,0,0,,2,1,31
401,10000,,,0,0,,2,2,31
402,10000,,,0,0,,2,3,31
403,60000,,,0,0,,2,5,31
404,20000,,,0,0,,2,17,31
405,10000,,,0,0,,2,24,31
406,20000,,,0,0,,2,26,31
407,50000,,,0,0,,2,27,31
408,50000,,,0,0,,2,28,31
409,10000,,,0,0,,2,1,32
410,10000,,,0,0,,2,2,32
411,10000,,,0,0,,2,3,32
412,10000,,,0,0,,2,17,32
413,10000,,,0,0,,2,24,32
414,10000,,,0,0,,2,25,32
415,10000,,,0,0,,2,26,32
416,70000,,,0,0,,2,27,32
417,70000,,,0,0,,2,28,32
418,10000,,,0,0,,2,1,33
419,10000,,,0,0,,2,2,33
420,10000,,,0,0,,2,3,33
421,60000,,,0,0,,2,5,33
422,20000,,,0,0,,2,17,33
423,10000,,,0,0,,2,24,33
424,30000,,,0,0,,2,25,33
425,50000,,,0,0,,2,27,33
426,50000,,,0,0,,2,28,33
427,10000,,,0,0,,2,1,34
428,10000,,,0,0,,2,2,34
429,10000,,,0,0,,2,3,34
430,65000,,,0,0,,2,5,34
431,30000,,,0,0,,2,17,34
432,15000,,,0,0,,2,24,34
433,20000,,,0,0,,2,25,34
434,10000,,,0,0,,2,26,34
435,50000,,,0,0,,2,27,34
436,50000,,,0,0,,2,28,34
437,5000,,,0,0,,2,1,35
438,5000,,,0,0,,2,2,35
439,10000,,,0,0,,2,3,35
440,10000,,,0,0,,2,17,35
441,15000,,,0,0,,2,24,35
442,15000,,,0,0,,2,26,35
443,55000,,,0,0,,2,27,35
444,55000,,,0,0,,2,28,35
445,5000,,,0,0,,2,1,36
446,5000,,,0,0,,2,2,36
447,35000,,,0,0,,2,3,36
448,20000,,,0,0,,2,5,36
449,10000,,,0,0,,2,17,36
450,15000,,,0,0,,2,24,36
451,25000,,,0,0,,2,25,36
452,10000,,,0,0,,2,26,36
453,30000,,,0,0,,2,27,36
454,60000,,,0,0,,2,28,36
455,7500,12,,0,0,,1,1,37
456,7500,12,,0,0,,1,2,37
457,15000,12,,0,0,,1,3,37
458,30000,24,,0,0,,1,5,37
459,15000,12,,0,0,,1,17,37
460,15000,12,,0,0,,1,18,37
461,60000,48,,0,0,,1,19,37
462,15000,12,,0,0,,1,20,37
463,15000,12,,0,0,,1,21,37
464,15000,12,,0,0,,1,29,37
465,15000,12,,0,0,,1,23,37
466,30000,24,,0,0,,1,16,37
467,7500,12,,0,0,,1,1,38
468,7500,12,,0,0,,1,2,38
469,15000,12,,0,0,,1,3,38
470,30000,24,,0,0,,1,5,38
471,15000,12,,0,0,,1,17,38
472,15000,12,,0,0,,1,18,38
473,60000,48,,0,0,,1,19,38
474,15000,12,,0,0,,1,20,38
475,15000,12,,0,0,,1,21,38
476,15000,12,,0,0,,1,29,38
477,15000,12,,0,0,,1,23,38
478,30000,24,,0,0,,1,16,38
479,5000,12,,0,0,,1,1,39
480,5000,12,,0,0,,1,2,39
481,15000,12,,0,0,,1,3,39
482,30000,24,,0,0,,1,5,39
483,15000,12,,0,0,,1,17,39
484,15000,12,,0,0,,1,18,39
485,60000,48,,0,0,,1,19,39
486,15000,12,,0,0,,1,20,39
487,15000,12,,0,0,,1,21,39
488,15000,12,,0,0,,1,29,39
489,15000,12,,0,0,,1,23,39
490,30000,24,,0,0,,1,16,39
491,7500,12,,0,0,,1,1,40
492,7500,12,,0,0,,1,2,40
493,30000,24,,0,0,,1,3,40
494,40000,,,0,0,,1,5,40
495,15000,12,,0,0,,1,17,40
496,15000,12,,0,0,,1,18,40
497,60000,48,,0,0,,1,19,40
498,60000,48,,0,0,,1,16,40
499,15000,12,,0,0,,1,12,40
500,7500,12,,0,0,,1,1,48
501,7500,12,,0,0,,1,2,48
502,30000,24,,0,0,,1,3,48
503,40000,,,0,0,,1,5,48
504,15000,12,,0,0,,1,17,48
505,15000,12,,0,0,,1,18,48
506,60000,48,,0,0,,1,19,48
507,60000,48,,0,0,,1,16,48
508,15000,12,,0,0,,1,12,48
509,7500,12,,0,0,,1,1,41
510,7500,12,,0,0,,1,2,41
511,15000,12,,0,0,,1,3,41
512,40000,,,0,0,,1,5,41
513,15000,12,,0,0,,1,17,41
514,15000,12,,0,0,,1,18,41
515,60000,48,,0,0,,1,19,41
516,15000,12,,0,0,,1,21,41
517,15000,12,,0,0,,1,29,41
518,15000,12,,0,0,,1,23,41
519,30000,24,,0,0,,1,16,41
520,7500,12,,0,0,,1,1,42
521,7500,12,,0,0,,1,2,42
522,15000,12,,0,0,,1,3,42
523,15000,12,,0,0,,1,17,42
524,15000,12,,0,0,,1,18,42
525,60000,48,,0,0,,1,19,42
526,15000,12,,0,0,,1,21,42
527,15000,12,,0,0,,1,29,42
528,15000,12,,0,0,,1,23,42
529,30000,24,,0,0,,1,16,42
530,30000,24,,0,0,,1,12,42
531,7500,12,,0,0,,1,1,44
532,7500,12,,0,0,,1,2,44
533,15000,12,,0,0,,1,3,44
534,40000,,,0,0,,1,5,44
535,15000,12,,0,0,,1,17,44
536,15000,12,,0,0,,1,18,44
537,60000,48,,0,0,,1,19,44
538,15000,12,,0,0,,1,21,44
539,15000,12,,0,0,,1,29,44
540,15000,12,,0,0,,1,23,44
541,30000,24,,0,0,,1,16,44
542,30000,24,,0,0,,1,12,44
543,7500,12,,0,0,,1,1,43
544,7500,12,,0,0,,1,2,43
545,15000,12,,0,0,,1,3,43
546,30000,24,,0,0,,1,5,43
547,15000,12,,0,0,,1,17,43
548,15000,12,,0,0,,1,18,43
549,60000,48,,0,0,,1,19,43
550,15000,12,,0,0,,1,21,43
551,15000,12,,0,0,,1,29,43
552,15000,12,,0,0,,1,23,43
553,30000,24,,0,0,,1,16,43
554,30000,24,,0,0,,1,12,43
555,7500,12,,0,0,,1,1,45
556,7500,12,,0,0,,1,2,45
557,15000,12,,0,0,,1,3,45
558,60000,48,,0,0,,1,5,45
559,15000,12,,0,0,,1,17,45
560,15000,12,,0,0,,1,18,45
561,60000,48,,0,0,,1,19,45
562,15000,12,,0,0,,1,20,45
563,15000,12,,0,0,,1,21,45
564,15000,12,,0,0,,1,29,45
565,15000,12,,0,0,,1,23,45
566,30000,24,,0,0,,1,16,45
567,30000,24,,0,0,,1,12,45
568,7500,12,,0,0,,1,1,46
569,7500,12,,0,0,,1,2,46
570,15000,12,,0,0,,1,3,46
571,15000,12,,0,0,,1,17,46
572,10000,8,,0,0,,1,18,46
573,40000,,,0,0,,1,19,46
574,15000,12,,0,0,,1,20,46
575,15000,12,,0,0,,1,21,46
576,10000,8,,0,0,,1,29,46
577,15000,12,,0,0,,1,23,46
578,30000,24,,0,0,,1,16,46
579,10000,8,,0,0,,1,12,46
580,5000,12,,0,0,,1,1,47
581,5000,12,,0,0,,1,2,47
582,15000,12,,0,0,,1,3,47
583,40000,,,0,0,,1,5,47
584,15000,12,,0,0,,1,17,47
585,10000,8,,0,0,,1,18,47
586,60000,48,,0,0,,1,19,47
587,15000,12,,0,0,,1,21,47
588,15000,12,,0,0,,1,29,47
589,15000,12,,0,0,,1,23,47
590,30000,24,,0,0,,1,16,47
591,10000,8,,0,0,,1,12,47
592,5000,,,0,0,,5,1,49
593,5000,,,0,0,,5,30,49
594,5000,,,0,0,,5,2,49
595,10000,,,0,0,,5,3,49
596,5000,,,0,0,,5,31,49
597,40000,,,0,0,,5,32,49
598,20000,,,0,0,,5,5,49
599,20000,,,0,0,,5,33,49
600,40000,,,0,0,,5,34,49
601,10000,,,0,0,,5,35,49
602,40000,,,0,0,,5,36,49
603,20000,,,0,0,,5,9,49
604,5000,,,0,0,,5,37,49
605,5000,,,0,0,,5,38,49
606,5000,,,0,0,,5,39,49
607,5000,,,0,0,,5,27,49
608,40000,,,0,0,,5,19,49
609,10000,,,0,0,,5,11,49
610,5000,,,0,0,,5,40,49
611,40000,,,0,0,,5,16,49
612,5000,,,0,0,,5,1,50
613,5000,,,0,0,,5,30,50
614,5000,,,0,0,,5,2,50
615,10000,,,0,0,,5,3,50
616,5000,,,0,0,,5,31,50
617,40000,,,0,0,,5,32,50
618,80000,,,0,0,,5,5,50
619,20000,,,0,0,,5,33,50
620,40000,,,0,0,,5,34,50
621,10000,,,0,0,,5,35,50
622,40000,,,0,0,,5,36,50
623,20000,,,0,0,,5,9,50
624,5000,,,0,0,,5,37,50
625,5000,,,0,0,,5,38,50
626,5000,,,0,0,,5,39,50
627,5000,,,0,0,,5,27,50
628,80000,,,0,0,,5,19,50
629,10000,,,0,0,,5,11,50
630,5000,,,0,0,,5,40,50
631,80000,,,0,0,,5,16,50
632,5000,,,0,0,,5,1,51
633,5000,,,0,0,,5,30,51
634,5000,,,0,0,,5,2,51
635,10000,,,0,0,,5,3,51
636,5000,,,0,0,,5,31,51
637,40000,,,0,0,,5,32,51
638,80000,,,0,0,,5,5,51
639,20000,,,0,0,,5,33,51
640,40000,,,0,0,,5,34,51
641,10000,,,0,0,,5,35,51
642,40000,,,0,0,,5,36,51
643,20000,,,0,0,,5,9,51
644,5000,,,0,0,,5,37,51
645,5000,,,0,0,,5,38,51
646,5000,,,0,0,,5,39,51
647,5000,,,0,0,,5,27,51
648,80000,,,0,0,,5,19,51
649,10000,,,0,0,,5,11,51
650,5000,,,0,0,,5,40,51
651,80000,,,0,0,,5,16,51
652,5000,,,0,0,,5,1,52
653,5000,,,0,0,,5,30,52
654,5000,,,0,0,,5,2,52
655,10000,,,0,0,,5,3,52
656,5000,,,0,0,,5,31,52
657,40000,,,0,0,,5,32,52
658,80000,,,0,0,,5,5,52
659,20000,,,0,0,,5,33,52
660,40000,,,0,0,,5,34,52
661,10000,,,0,0,,5,35,52
662,40000,,,0,0,,5,36,52
663,20000,,,0,0,,5,9,52
664,5000,,,0,0,,5,37,52
665,5000,,,0,0,,5,38,52
666,5000,,,0,0,,5,39,52
667,5000,,,0,0,,5,27,52
668,40000,,,0,0,,5,19,52
669,10000,,,0,0,,5,11,52
670,5000,,,0,0,,5,40,52
671,80000,,,0,0,,5,16,52
672,5000,,,0,0,,5,1,53
673,5000,,,0,0,,5,30,53
674,5000,,,0,0,,5,2,53
675,10000,,,0,0,,5,3,53
676,5000,,,0,0,,5,31,53
677,80000,,,0,0,,5,32,53
678,80000,,,0,0,,5,5,53
679,20000,,,0,0,,5,33,53
680,40000,,,0,0,,5,34,53
681,10000,,,0,0,,5,35,53
682,40000,,,0,0,,5,36,53
683,20000,,,0,0,,5,9,53
684,5000,,,0,0,,5,37,53
685,5000,,,0,0,,5,38,53
686,5000,,,0,0,,5,39,53
687,5000,,,0,0,,5,27,53
688,40000,,,0,0,,5,19,53
689,10000,,,0,0,,5,11,53
690,5000,,,0,0,,5,40,53
691,80000,,,0,0,,5,16,53
692,5000,,,0,0,,5,1,54
693,5000,,,0,0,,5,30,54
694,5000,,,0,0,,5,2,54
695,10000,,,0,0,,5,3,54
696,5000,,,0,0,,5,31,54
697,40000,,,0,0,,5,32,54
698,80000,,,0,0,,5,5,54
699,40000,,,0,0,,5,34,54
700,10000,,,0,0,,5,35,54
701,40000,,,0,0,,5,36,54
702,20000,,,0,0,,5,9,54
703,5000,,,0,0,,5,37,54
704,5000,,,0,0,,5,38,54
705,5000,,,0,0,,5,39,54
706,5000,,,0,0,,5,27,54
707,10000,,,0,0,,5,11,54
708,5000,,,0,0,,5,40,54
709,80000,,,0,0,,5,16,54
710,5000,,,0,0,,5,1,55
711,5000,,,0,0,,5,30,55
712,5000,,,0,0,,5,2,55
713,10000,,,0,0,,5,3,55
714,5000,,,0,0,,5,31,55
715,40000,,,0,0,,5,32,55
716,80000,,,0,0,,5,5,55
717,40000,,,0,0,,5,34,55
718,10000,,,0,0,,5,35,55
719,40000,,,0,0,,5,36,55
720,20000,,,0,0,,5,9,55
721,5000,,,0,0,,5,37,55
722,5000,,,0,0,,5,38,55
723,5000,,,0,0,,5,39,55
724,5000,,,0,0,,5,27,55
725,10000,,,0,0,,5,11,55
726,5000,,,0,0,,5,40,55
727,80000,,,0,0,,5,16,55
728,5000,,,0,0,,5,1,56
729,5000,,,0,0,,5,30,56
730,5000,,,0,0,,5,2,56
731,10000,,,0,0,,5,3,56
732,5000,,,0,0,,5,31,56
733,40000,,,0,0,,5,32,56
734,80000,,,0,0,,5,5,56
735,40000,,,0,0,,5,34,56
736,10000,,,0,0,,5,35,56
737,40000,,,0,0,,5,36,56
738,20000,,,0,0,,5,9,56
739,5000,,,0,0,,5,37,56
740,5000,,,0,0,,5,38,56
741,5000,,,0,0,,5,39,56
742,5000,,,0,0,,5,27,56
743,10000,,,0,0,,5,11,56
744,5000,,,0,0,,5,40,56
745,80000,,,0,0,,5,16,56
746,5000,,,0,0,,5,1,57
747,5000,,,0,0,,5,30,57
748,5000,,,0,0,,5,2,57
749,10000,,,0,0,,5,3,57
750,5000,,,0,0,,5,31,57
751,40000,,,0,0,,5,32,57
752,20000,,,0,0,,5,5,57
753,40000,,,0,0,,5,34,57
754,10000,,,0,0,,5,35,57
755,40000,,,0,0,,5,36,57
756,20000,,,0,0,,5,9,57
757,5000,,,0,0,,5,37,57
758,5000,,,0,0,,5,38,57
759,5000,,,0,0,,5,39,57
760,5000,,,0,0,,5,27,57
761,40000,,,0,0,,5,19,57
762,10000,,,0,0,,5,11,57
763,5000,,,0,0,,5,40,57
764,20000,,,0,0,,5,16,57
765,5000,,,0,0,,5,1,58
766,5000,,,0,0,,5,30,58
767,5000,,,0,0,,5,2,58
768,10000,,,0,0,,5,3,58
769,5000,,,0,0,,5,31,58
770,40000,,,0,0,,5,32,58
771,20000,,,0,0,,5,5,58
772,40000,,,0,0,,5,34,58
773,10000,,,0,0,,5,35,58
774,40000,,,0,0,,5,36,58
775,20000,,,0,0,,5,9,58
776,5000,,,0,0,,5,37,58
777,5000,,,0,0,,5,38,58
778,5000,,,0,0,,5,39,58
779,5000,,,0,0,,5,27,58
780,40000,,,0,0,,5,19,58
781,10000,,,0,0,,5,11,58
782,5000,,,0,0,,5,40,58
783,20000,,,0,0,,5,16,58
784,5000,,,0,0,,5,1,59
785,5000,,,0,0,,5,30,59
786,5000,,,0,0,,5,2,59
787,10000,,,0,0,,5,3,59
788,5000,,,0,0,,5,31,59
789,40000,,,0,0,,5,32,59
790,80000,,,0,0,,5,5,59
791,40000,,,0,0,,5,34,59
792,10000,,,0,0,,5,35,59
793,40000,,,0,0,,5,36,59
794,20000,,,0,0,,5,9,59
795,5000,,,0,0,,5,37,59
796,5000,,,0,0,,5,38,59
797,5000,,,0,0,,5,39,59
798,5000,,,0,0,,5,27,59
799,80000,,,0,0,,5,19,59
800,10000,,,0,0,,5,11,59
801,5000,,,0,0,,5,40,59
802,80000,,,0,0,,5,16,59
803,5000,,,0,0,,5,1,60
804,5000,,,0,0,,5,30,60
805,5000,,,0,0,,5,2,60
806,10000,,,0,0,,5,3,60
807,5000,,,0,0,,5,31,60
808,40000,,,0,0,,5,32,60
809,80000,,,0,0,,5,5,60
810,40000,,,0,0,,5,34,60
811,10000,,,0,0,,5,35,60
812,40000,,,0,0,,5,36,60
813,20000,,,0,0,,5,9,60
814,5000,,,0,0,,5,37,60
815,5000,,,0,0,,5,38,60
816,5000,,,0,0,,5,39,60
817,5000,,,0,0,,5,27,60
818,40000,,,0,0,,5,19,60
819,10000,,,0,0,,5,11,60
820,5000,,,0,0,,5,40,60
821,80000,,,0,0,,5,16,60
822,5000,,,0,0,,5,1,61
823,5000,,,0,0,,5,30,61
824,5000,,,0,0,,5,2,61
825,10000,,,0,0,,5,3,61
826,5000,,,0,0,,5,31,61
827,40000,,,0,0,,5,32,61
828,20000,,,0,0,,5,5,61
829,40000,,,0,0,,5,34,61
830,10000,,,0,0,,5,35,61
831,40000,,,0,0,,5,36,61
832,20000,,,0,0,,5,9,61
833,5000,,,0,0,,5,37,61
834,5000,,,0,0,,5,38,61
835,5000,,,0,0,,5,39,61
836,5000,,,0,0,,5,27,61
837,40000,,,0,0,,5,19,61
838,10000,,,0,0,,5,11,61
839,5000,,,0,0,,5,40,61
840,20000,,,0,0,,5,16,61
841,5000,,,0,0,,5,1,62
842,5000,,,0,0,,5,30,62
843,5000,,,0,0,,5,2,62
844,10000,,,0,0,,5,3,62
845,5000,,,0,0,,5,31,62
846,40000,,,0,0,,5,32,62
847,20000,,,0,0,,5,5,62
848,40000,,,0,0,,5,34,62
849,10000,,,0,0,,5,35,62
850,40000,,,0,0,,5,36,62
851,20000,,,0,0,,5,9,62
852,5000,,,0,0,,5,37,62
853,5000,,,0,0,,5,38,62
854,5000,,,0,0,,5,39,62
855,5000,,,0,0,,5,27,62
856,40000,,,0,0,,5,19,62
857,10000,,,0,0,,5,11,62
858,5000,,,0,0,,5,40,62
859,20000,,,0,0,,5,16,62
860,5000,,,0,0,,5,1,63
861,5000,,,0,0,,5,30,63
862,5000,,,0,0,,5,2,63
863,10000,,,0,0,,5,3,63
864,5000,,,0,0,,5,31,63
865,40000,,,0,0,,5,32,63
866,40000,,,0,0,,5,34,63
867,10000,,,0,0,,5,35,63
868,40000,,,0,0,,5,36,63
869,20000,,,0,0,,5,9,63
870,5000,,,0,0,,5,37,63
871,5000,,,0,0,,5,38,63
872,5000,,,0,0,,5,39,63
873,5000,,,0,0,,5,27,63
874,10000,,,0,0,,5,11,63
875,5000,,,0,0,,5,40,63
876,20000,,,0,0,,5,16,63
877,5000,,,0,0,,5,1,64
878,5000,,,0,0,,5,30,64
879,5000,,,0,0,,5,2,64
880,10000,,,0,0,,5,3,64
881,5000,,,0,0,,5,31,64
882,40000,,,0,0,,5,32,64
883,40000,,,0,0,,5,34,64
884,10000,,,0,0,,5,35,64
885,40000,,,0,0,,5,36,64
886,20000,,,0,0,,5,9,64
887,5000,,,0,0,,5,37,64
888,5000,,,0,0,,5,38,64
889,5000,,,0,0,,5,39,64
890,5000,,,0,0,,5,27,64
891,10000,,,0,0,,5,11,64
892,5000,,,0,0,,5,40,64
893,20000,,,0,0,,5,16,64
894,5000,,,0,0,,5,1,65
895,5000,,,0,0,,5,30,65
896,5000,,,0,0,,5,2,65
897,10000,,,0,0,,5,3,65
898,5000,,,0,0,,5,31,65
899,40000,,,0,0,,5,32,65
900,80000,,,0,0,,5,5,65
901,40000,,,0,0,,5,34,65
902,10000,,,0,0,,5,35,65
903,40000,,,0,0,,5,36,65
904,20000,,,0,0,,5,9,65
905,5000,,,0,0,,5,37,65
906,5000,,,0,0,,5,38,65
907,5000,,,0,0,,5,39,65
908,5000,,,0,0,,5,27,65
909,10000,,,0,0,,5,11,65
910,5000,,,0,0,,5,40,65
911,20000,,,0,0,,5,16,65
912,5000,,,0,0,,5,1,66
913,5000,,,0,0,,5,30,66
914,5000,,,0,0,,5,2,66
915,10000,,,0,0,,5,3,66
916,5000,,,0,0,,5,31,66
917,40000,,,0,0,,5,32,66
918,20000,,,0,0,,5,5,66
919,40000,,,0,0,,5,34,66
920,10000,,,0,0,,5,35,66
921,40000,,,0,0,,5,36,66
922,20000,,,0,0,,5,9,66
923,5000,,,0,0,,5,37,66
924,5000,,,0,0,,5,38,66
925,5000,,,0,0,,5,39,66
926,5000,,,0,0,,5,27,66
927,40000,,,0,0,,5,19,66
928,10000,,,0,0,,5,11,66
929,5000,,,0,0,,5,40,66
930,20000,,,0,0,,5,16,66
931,5000,,,0,0,,5,1,67
932,5000,,,0,0,,5,30,67
933,5000,,,0,0,,5,2,67
934,10000,,,0,0,,5,3,67
935,5000,,,0,0,,5,31,67
936,40000,,,0,0,,5,32,67
937,20000,,,0,0,,5,5,67
938,20000,,,0,0,,5,33,67
939,40000,,,0,0,,5,34,67
940,10000,,,0,0,,5,35,67
941,40000,,,0,0,,5,36,67
942,20000,,,0,0,,5,9,67
943,5000,,,0,0,,5,37,67
944,5000,,,0,0,,5,38,67
945,5000,,,0,0,,5,39,67
946,5000,,,0,0,,5,27,67
947,40000,,,0,0,,5,19,67
948,10000,,,0,0,,5,11,67
949,5000,,,0,0,,5,40,67
950,20000,,,0,0,,5,16,67
951,5000,,,0,0,,5,1,68
952,5000,,,0,0,,5,30,68
953,5000,,,0,0,,5,2,68
954,10000,,,0,0,,5,3,68
955,5000,,,0,0,,5,31,68
956,40000,,,0,0,,5,32,68
957,20000,,,0,0,,5,5,68
958,20000,,,0,0,,5,33,68
959,40000,,,0,0,,5,34,68
960,10000,,,0,0,,5,35,68
961,40000,,,0,0,,5,36,68
962,20000,,,0,0,,5,9,68
963,5000,,,0,0,,5,37,68
964,5000,,,0,0,,5,38,68
965,5000,,,0,0,,5,39,68
966,5000,,,0,0,,5,27,68
967,40000,,,0,0,,5,19,68
968,10000,,,0,0,,5,11,68
969,5000,,,0,0,,5,40,68
970,20000,,,0,0,,5,16,68
971,5000,,,0,0,,6,1,69
972,5000,,,0,0,,6,41,69
973,5000,,,0,0,,6,2,69
974,10000,,,0,0,,6,3,69
975,30000,,,0,0,,6,42,69
976,80000,,,0,0,,6,43,69
977,20000,,,0,0,,6,44,69
978,35000,,,0,0,,6,45,69
979,10000,,,0,0,,6,36,69
980,10000,,,0,0,,6,9,69
981,5000,,,0,0,,6,46,69
982,55000,,,0,0,,6,47,69
983,55000,,,0,0,,6,28,69
984,70000,,,0,0,,6,19,69
985,10000,,,0,0,,6,48,69
986,5000,,,0,0,,6,1,70
987,5000,,,0,0,,6,41,70
988,5000,,,0,0,,6,2,70
989,10000,,,0,0,,6,3,70
990,30000,,,0,0,,6,42,70
991,80000,,,0,0,,6,43,70
992,20000,,,0,0,,6,44,70
993,35000,,,0,0,,6,45,70
994,10000,,,0,0,,6,36,70
995,10000,,,0,0,,6,9,70
996,5000,,,0,0,,6,46,70
997,55000,,,0,0,,6,47,70
998,55000,,,0,0,,6,28,70
999,70000,,,0,0,,6,19,70
1000,10000,,,0,0,,6,48,70
1001,5000,,,0,0,,6,1,71
1002,5000,,,0,0,,6,41,71
1003,5000,,,0,0,,6,2,71
1004,10000,,,0,0,,6,3,71
1005,30000,,,0,0,,6,42,71
1006,80000,,,0,0,,6,43,71
1007,20000,,,0,0,,6,44,71
1008,35000,,,0,0,,6,45,71
1009,10000,,,0,0,,6,36,71
1010,10000,,,0,0,,6,9,71
1011,5000,,,0,0,,6,46,71
1012,55000,,,0,0,,6,47,71
1013,55000,,,0,0,,6,28,71
1014,70000,,,0,0,,6,19,71
1015,10000,,,0,0,,6,48,71
1016,5000,,,0,0,,6,1,72
1017,5000,,,0,0,,6,41,72
1018,5000,,,0,0,,6,2,72
1019,10000,,,0,0,,6,3,72
1020,30000,,,0,0,,6,42,72
1021,80000,,,0,0,,6,43,72
1022,20000,,,0,0,,6,44,72
1023,35000,,,0,0,,6,45,72
1024,10000,,,0,0,,6,36,72
1025,10000,,,0,0,,6,9,72
1026,5000,,,0,0,,6,46,72
1027,55000,,,0,0,,6,47,72
1028,55000,,,0,0,,6,28,72
1029,70000,,,0,0,,6,19,72
1030,10000,,,0,0,,6,48,72
1031,5000,,,0,0,,6,1,73
1032,5000,,,0,0,,6,41,73
1033,5000,,,0,0,,6,2,73
1034,10000,,,0,0,,6,3,73
1035,30000,,,0,0,,6,42,73
1036,80000,,,0,0,,6,43,73
1037,20000,,,0,0,,6,44,73
1038,35000,,,0,0,,6,45,73
1039,10000,,,0,0,,6,36,73
1040,10000,,,0,0,,6,9,73
1041,5000,,,0,0,,6,46,73
1042,55000,,,0,0,,6,47,73
1043,55000,,,0,0,,6,28,73
1044,70000,,,0,0,,6,19,73
1045,10000,,,0,0,,6,48,73
1046,5000,,,0,0,,6,1,74
1047,5000,,,0,0,,6,41,74
1048,5000,,,0,0,,6,2,74
1049,10000,,,0,0,,6,3,74
1050,30000,,,0,0,,6,42,74
1051,80000,,,0,0,,6,43,74
1052,20000,,,0,0,,6,44,74
1053,35000,,,0,0,,6,45,74
1054,10000,,,0,0,,6,36,74
1055,10000,,,0,0,,6,9,74
1056,5000,,,0,0,,6,46,74
1057,55000,,,0,0,,6,47,74
1058,55000,,,0,0,,6,28,74
1059,70000,,,0,0,,6,19,74
1060,10000,,,0,0,,6,48,74
1061,5000,,,0,0,,6,1,75
1062,5000,,,0,0,,6,41,75
1063,5000,,,0,0,,6,2,75
1064,10000,,,0,0,,6,3,75
1065,30000,,,0,0,,6,42,75
1066,80000,,,0,0,,6,43,75
1067,20000,,,0,0,,6,44,75
1068,35000,,,0,0,,6,45,75
1069,10000,,,0,0,,6,36,75
1070,10000,,,0,0,,6,9,75
1071,5000,,,0,0,,6,46,75
1072,55000,,,0,0,,6,47,75
1073,55000,,,0,0,,6,28,75
1074,70000,,,0,0,,6,19,75
1075,10000,,,0,0,,6,48,75
1076,15000,12,,0,0,,7,1,76
1077,15000,12,,0,0,,7,2,76
1078,15000,12,,0,0,,7,3,76
1079,60000,48,,0,0,,7,5,76
1080,15000,12,,0,0,,7,33,76
1081,90000,72,,0,0,,7,49,76
1082,90000,72,,0,0,,7,50,76
1083,90000,72,,0,0,,7,51,76
1084,15000,12,,0,0,,7,13,76
1085,30000,24,,0,0,,7,9,76
1086,15000,12,,0,0,,7,52,76
1087,15000,12,,0,0,,7,53,76
1088,15000,12,,0,0,,7,23,76
1089,30000,24,,0,0,,7,16,76
1090,15000,12,,0,0,,7,11,76
1091,15000,12,,0,0,,7,1,77
1092,15000,12,,0,0,,7,2,77
1093,15000,12,,0,0,,7,3,77
1094,60000,48,,0,0,,7,5,77
1095,15000,12,,0,0,,7,33,77
1096,90000,72,,0,0,,7,49,77
1097,90000,72,,0,0,,7,50,77
1098,90000,72,,0,0,,7,51,77
1099,15000,12,,0,0,,7,13,77
1100,30000,24,,0,0,,7,9,77
1101,15000,12,,0,0,,7,52,77
1102,15000,12,,0,0,,7,53,77
1103,15000,12,,0,0,,7,23,77
1104,30000,24,,0,0,,7,16,77
1105,15000,12,,0,0,,7,11,77
1106,15000,12,,0,0,,7,1,78
1107,15000,12,,0,0,,7,2,78
1108,15000,12,,0,0,,7,3,78
1109,60000,48,,0,0,,7,5,78
1110,15000,12,,0,0,,7,33,78
1111,90000,72,,0,0,,7,49,78
1112,90000,72,,0,0,,7,50,78
1113,90000,72,,0,0,,7,51,78
1114,15000,12,,0,0,,7,13,78
1115,30000,24,,0,0,,7,9,78
1116,15000,12,,0,0,,7,52,78
1117,15000,12,,0,0,,7,53,78
1118,15000,12,,0,0,,7,23,78
1119,30000,24,,0,0,,7,16,78
1120,15000,12,,0,0,,7,11,78
1121,15000,12,,0,0,,7,1,79
1122,15000,12,,0,0,,7,2,79
1123,15000,12,,0,0,,7,3,79
1124,60000,48,,0,0,,7,5,79
1125,15000,12,,0,0,,7,33,79
1126,90000,72,,0,0,,7,49,79
1127,90000,72,,0,0,,7,50,79
1128,90000,72,,0,0,,7,51,79
1129,15000,12,,0,0,,7,13,79
1130,30000,24,,0,0,,7,9,79
1131,15000,12,,0,0,,7,52,79
1132,15000,12,,0,0,,7,53,79
1133,15000,12,,0,0,,7,23,79
1134,30000,24,,0,0,,7,16,79
1135,15000,12,,0,0,,7,11,79
1136,15000,12,,0,0,,7,1,80
1137,15000,12,,0,0,,7,2,80
1138,15000,12,,0,0,,7,3,80
1139,60000,48,,0,0,,7,5,80
1140,15000,12,,0,0,,7,33,80
1141,90000,72,,0,0,,7,49,80
1142,90000,72,,0,0,,7,50,80
1143,90000,72,,0,0,,7,51,80
1144,15000,12,,0,0,,7,13,80
1145,30000,24,,0,0,,7,9,80
1146,15000,12,,0,0,,7,52,80
1147,15000,12,,0,0,,7,53,80
1148,15000,12,,0,0,,7,23,80
1149,30000,24,,0,0,,7,16,80
1150,15000,12,,0,0,,7,11,80
1151,15000,12,,0,0,,7,1,81
1152,15000,12,,0,0,,7,2,81
1153,15000,12,,0,0,,7,3,81
1154,60000,48,,0,0,,7,5,81
1155,15000,12,,0,0,,7,33,81
1156,90000,72,,0,0,,7,49,81
1157,90000,72,,0,0,,7,50,81
1158,90000,72,,0,0,,7,51,81
1159,15000,12,,0,0,,7,13,81
1160,30000,24,,0,0,,7,9,81
1161,15000,12,,0,0,,7,52,81
1162,15000,12,,0,0,,7,53,81
1163,15000,12,,0,0,,7,23,81
1164,30000,24,,0,0,,7,16,81
1165,15000,12,,0,0,,7,11,81
1166,15000,12,,0,0,,7,1,82
1167,15000,12,,0,0,,7,2,82
1168,15000,12,,0,0,,7,3,82
1169,60000,48,,0,0,,7,5,82
1170,15000,12,,0,0,,7,33,82
1171,90000,72,,0,0,,7,49,82
1172,90000,72,,0,0,,7,50,82
1173,90000,72,,0,0,,7,51,82
1174,15000,12,,0,0,,7,13,82
1175,30000,24,,0,0,,7,9,82
1176,15000,12,,0,0,,7,52,82
1177,15000,12,,0,0,,7,53,82
1178,15000,12,,0,0,,7,23,82
1179,30000,24,,0,0,,7,16,82
1180,15000,12,,0,0,,7,11,82
1181,15000,12,,0,0,,7,1,83
1182,15000,12,,0,0,,7,2,83
1183,15000,12,,0,0,,7,3,83
1184,60000,48,,0,0,,7,5,83
1185,15000,12,,0,0,,7,33,83
1186,90000,72,,0,0,,7,49,83
1187,90000,72,,0,0,,7,50,83
1188,90000,72,,0,0,,7,51,83
1189,15000,12,,0,0,,7,13,83
1190,30000,24,,0,0,,7,9,83
1191,15000,12,,0,0,,7,52,83
1192,15000,12,,0,0,,7,53,83
1193,15000,12,,0,0,,7,23,83
1194,30000,24,,0,0,,7,16,83
1195,15000,12,,0,0,,7,11,83
1196,15000,12,,0,0,,7,1,84
1197,15000,12,,0,0,,7,2,84
1198,15000,12,,0,0,,7,3,84
1199,60000,48,,0,0,,7,5,84
1200,15000,12,,0,0,,7,33,84
1201,90000,72,,0,0,,7,49,84
1202,90000,72,,0,0,,7,50,84
1203,90000,72,,0,0,,7,51,84
1204,15000,12,,0,0,,7,13,84
1205,30000,24,,0,0,,7,9,84
1206,15000,12,,0,0,,7,52,84
1207,15000,12,,0,0,,7,53,84
1208,15000,12,,0,0,,7,23,84
1209,30000,24,,0,0,,7,16,84
1210,15000,12,,0,0,,7,11,84
1211,15000,12,,0,0,,7,1,85
1212,15000,12,,0,0,,7,2,85
1213,15000,12,,0,0,,7,3,85
1214,60000,48,,0,0,,7,5,85
1215,15000,12,,0,0,,7,33,85
1216,90000,72,,0,0,,7,49,85
1217,90000,72,,0,0,,7,50,85
1218,90000,72,,0,0,,7,51,85
1219,15000,12,,0,0,,7,13,85
1220,30000,24,,0,0,,7,9,85
1221,15000,12,,0,0,,7,52,85
1222,15000,12,,0,0,,7,53,85
1223,15000,12,,0,0,,7,23,85
1224,30000,24,,0,0,,7,16,85
1225,15000,12,,0,0,,7,11,85
1226,10000,12,,0,0,,7,1,86
1227,10000,12,,0,0,,7,2,86
1228,10000,12,,0,0,,7,3,86
1229,60000,72,,0,0,,7,5,86
1230,10000,12,,0,0,,7,33,86
1231,90000,108,,0,0,,7,49,86
1232,90000,108,,0,0,,7,50,86
1233,90000,108,,0,0,,7,51,86
1234,10000,12,,0,0,,7,13,86
1235,30000,36,,0,0,,7,9,86
1236,10000,12,,0,0,,7,52,86
1237,10000,12,,0,0,,7,53,86
1238,10000,12,,0,0,,7,23,86
1239,30000,36,,0,0,,7,16,86
1240,10000,12,,0,0,,7,11,86
1241,10000,12,,0,0,,7,1,87
1242,10000,12,,0,0,,7,2,87
1243,10000,12,,0,0,,7,3,87
1244,60000,72,,0,0,,7,5,87
1245,10000,12,,0,0,,7,33,87
1246,90000,108,,0,0,,7,49,87
1247,90000,108,,0,0,,7,50,87
1248,90000,108,,0,0,,7,51,87
1249,10000,12,,0,0,,7,13,87
1250,30000,36,,0,0,,7,9,87
1251,10000,12,,0,0,,7,52,87
1252,10000,12,,0,0,,7,53,87
1253,10000,12,,0,0,,7,23,87
1254,30000,36,,0,0,,7,16,87
1255,10000,12,,0,0,,7,11,87
1256,10000,12,,0,0,,7,1,88
1257,10000,12,,0,0,,7,2,88
1258,10000,12,,0,0,,7,3,88
1259,60000,72,,0,0,,7,5,88
1260,10000,12,,0,0,,7,33,88
1261,90000,108,,0,0,,7,49,88
1262,90000,108,,0,0,,7,50,88
1263,90000,108,,0,0,,7,51,88
1264,10000,12,,0,0,,7,13,88
1265,30000,36,,0,0,,7,9,88
1266,10000,12,,0,0,,7,52,88
1267,10000,12,,0,0,,7,53,88
1268,10000,12,,0,0,,7,23,88
1269,30000,36,,0,0,,7,16,88
1270,10000,12,,0,0,,7,11,88
1271,10000,12,,0,0,,7,1,89
1272,10000,12,,0,0,,7,2,89
1273,10000,12,,0,0,,7,3,89
1274,60000,72,,0,0,,7,5,89
1275,10000,12,,0,0,,7,33,89
1276,90000,108,,0,0,,7,49,89
1277,90000,108,,0,0,,7,50,89
1278,90000,108,,0,0,,7,51,89
1279,10000,12,,0,0,,7,13,89
1280,30000,36,,0,0,,7,9,89
1281,10000,12,,0,0,,7,52,89
1282,10000,12,,0,0,,7,53,89
1283,10000,12,,0,0,,7,23,89
1284,30000,36,,0,0,,7,16,89
1285,10000,12,,0,0,,7,11,89
1286,10000,12,,0,0,,8,1,90
1287,10000,12,,0,0,,8,2,90
1288,10000,12,,0,0,,8,3,90
1289,20000,12,,0,0,,8,54,90
1290,60000,36,,0,0,,8,5,90
1291,10000,12,,0,0,,8,55,90
1292,20000,12,,0,0,,8,23,90
1293,20000,12,,0,0,,8,9,90
1294,20000,12,,0,0,,8,56,90
1295,20000,12,,0,0,,8,57,90
1296,50000,30,,0,0,,8,58,90
1297,50000,30,,0,0,,8,59,90
1298,20000,12,,0,0,,8,60,90
1299,10000,12,,0,0,,8,11,90
1300,10000,12,,0,0,,8,40,90
1301,80000,48,,0,0,,8,61,90
1302,20000,12,,0,0,,8,62,90
1303,20000,12,,0,0,,8,63,90
1304,60000,36,,0,0,,8,16,90
1305,10000,12,,0,0,,8,1,91
1306,10000,12,,0,0,,8,2,91
1307,10000,12,,0,0,,8,3,91
1308,20000,12,,0,0,,8,54,91
1309,60000,36,,0,0,,8,5,91
1310,10000,12,,0,0,,8,55,91
1311,20000,12,,0,0,,8,23,91
1312,20000,12,,0,0,,8,9,91
1313,20000,12,,0,0,,8,56,91
1314,20000,12,,0,0,,8,57,91
1315,50000,30,,0,0,,8,58,91
1316,50000,30,,0,0,,8,59,91
1317,20000,12,,0,0,,8,60,91
1318,10000,12,,0,0,,8,11,91
1319,10000,12,,0,0,,8,40,91
1320,80000,48,,0,0,,8,61,91
1321,20000,12,,0,0,,8,62,91
1322,20000,12,,0,0,,8,63,91
1323,60000,36,,0,0,,8,16,91
1324,10000,12,,0,0,,8,1,92
1325,10000,12,,0,0,,8,2,92
1326,10000,12,,0,0,,8,3,92
1327,20000,12,,0,0,,8,54,92
1328,60000,36,,0,0,,8,5,92
1329,10000,12,,0,0,,8,55,92
1330,20000,12,,0,0,,8,23,92
1331,20000,12,,0,0,,8,9,92
1332,20000,12,,0,0,,8,56,92
1333,20000,12,,0,0,,8,57,92
1334,50000,30,,0,0,,8,58,92
1335,50000,30,,0,0,,8,59,92
1336,20000,12,,0,0,,8,60,92
1337,10000,12,,0,0,,8,11,92
1338,10000,12,,0,0,,8,40,92
1339,80000,48,,0,0,,8,61,92
1340,20000,12,,0,0,,8,62,92
1341,20000,12,,0,0,,8,63,92
1342,60000,36,,0,0,,8,16,92
1343,10000,12,,0,0,,8,1,93
1344,10000,12,,0,0,,8,2,93
1345,10000,12,,0,0,,8,3,93
1346,20000,12,,0,0,,8,54,93
1347,60000,36,,0,0,,8,5,93
1348,10000,12,,0,0,,8,55,93
1349,20000,12,,0,0,,8,23,93
1350,20000,12,,0,0,,8,9,93
1351,20000,12,,0,0,,8,56,93
1352,20000,12,,0,0,,8,57,93
1353,50000,30,,0,0,,8,58,93
1354,50000,30,,0,0,,8,59,93
1355,20000,12,,0,0,,8,60,93
1356,10000,12,,0,0,,8,11,93
1357,10000,12,,0,0,,8,40,93
1358,80000,48,,0,0,,8,61,93
1359,20000,12,,0,0,,8,62,93
1360,20000,12,,0,0,,8,63,93
1361,60000,36,,0,0,,8,16,93
1362,10000,12,,0,0,,8,1,94
1363,10000,12,,0,0,,8,2,94
1364,10000,12,,0,0,,8,3,94
1365,20000,12,,0,0,,8,54,94
1366,60000,36,,0,0,,8,5,94
1367,10000,12,,0,0,,8,55,94
1368,20000,12,,0,0,,8,23,94
1369,20000,12,,0,0,,8,9,94
1370,20000,12,,0,0,,8,56,94
1371,20000,12,,0,0,,8,57,94
1372,50000,30,,0,0,,8,58,94
1373,50000,30,,0,0,,8,59,94
1374,20000,12,,0,0,,8,60,94
1375,10000,12,,0,0,,8,11,94
1376,10000,12,,0,0,,8,40,94
1377,80000,48,,0,0,,8,61,94
1378,20000,12,,0,0,,8,62,94
1379,20000,12,,0,0,,8,63,94
1380,60000,36,,0,0,,8,16,94
1381,10000,12,,0,0,,8,1,95
1382,10000,12,,0,0,,8,2,95
1383,10000,12,,0,0,,8,3,95
1384,20000,12,,0,0,,8,54,95
1385,60000,36,,0,0,,8,5,95
1386,10000,12,,0,0,,8,55,95
1387,20000,12,,0,0,,8,23,95
1388,20000,12,,0,0,,8,9,95
1389,20000,12,,0,0,,8,56,95
1390,20000,12,,0,0,,8,57,95
1391,50000,30,,0,0,,8,58,95
1392,50000,30,,0,0,,8,59,95
1393,20000,12,,0,0,,8,60,95
1394,10000,12,,0,0,,8,11,95
1395,10000,12,,0,0,,8,40,95
1396,80000,48,,0,0,,8,61,95
1397,20000,12,,0,0,,8,62,95
1398,20000,12,,0,0,,8,63,95
1399,60000,36,,0,0,,8,16,95
1400,10000,12,,0,0,,8,1,96
1401,10000,12,,0,0,,8,2,96
1402,10000,12,,0,0,,8,3,96
1403,20000,12,,0,0,,8,54,96
1404,60000,36,,0,0,,8,5,96
1405,10000,12,,0,0,,8,55,96
1406,20000,12,,0,0,,8,23,96
1407,20000,12,,0,0,,8,9,96
1408,20000,12,,0,0,,8,56,96
1409,20000,12,,0,0,,8,57,96
1410,50000,30,,0,0,,8,58,96
1411,50000,30,,0,0,,8,59,96
1412,20000,12,,0,0,,8,60,96
1413,10000,12,,0,0,,8,11,96
1414,10000,12,,0,0,,8,40,96
1415,80000,48,,0,0,,8,61,96
1416,20000,12,,0,0,,8,62,96
1417,20000,12,,0,0,,8,63,96
1418,60000,36,,0,0,,8,16,96
1419,5000,,,0,0,,9,1,97
1420,5000,,,0,0,,9,2,97
1421,5000,,,0,0,,9,13,97
1422,40000,,,0,0,,9,64,97
1423,5000,,,0,0,,9,3,97
1424,40000,,,0,0,,9,32,97
1425,20000,,,0,0,,9,5,97
1426,50000,,,0,0,,9,33,97
1427,10000,,,0,0,,9,9,97
1428,20000,,,0,0,,9,46,97
1429,20000,,,0,0,,9,65,97
1430,10000,,,0,0,,9,39,97
1431,40000,,,0,0,,9,66,97
1432,5000,,,0,0,,9,67,97
1433,10000,,,0,0,,9,11,97
1434,5000,,,0,0,,9,68,97
1435,30000,,,0,0,,9,16,97
1436,5000,,,0,0,,9,1,98
1437,5000,,,0,0,,9,2,98
1438,5000,,,0,0,,9,13,98
1439,40000,,,0,0,,9,64,98
1440,5000,,,0,0,,9,3,98
1441,40000,,,0,0,,9,32,98
1442,20000,,,0,0,,9,5,98
1443,50000,,,0,0,,9,33,98
1444,10000,,,0,0,,9,9,98
1445,20000,,,0,0,,9,46,98
1446,20000,,,0,0,,9,65,98
1447,10000,,,0,0,,9,39,98
1448,40000,,,0,0,,9,66,98
1449,5000,,,0,0,,9,67,98
1450,10000,,,0,0,,9,11,98
1451,5000,,,0,0,,9,68,98
1452,30000,,,0,0,,9,16,98
1453,5000,,,0,0,,9,1,99
1454,5000,,,0,0,,9,2,99
1455,5000,,,0,0,,9,13,99
1456,40000,,,0,0,,9,64,99
1457,5000,,,0,0,,9,3,99
1458,40000,,,0,0,,9,32,99
1459,20000,,,0,0,,9,5,99
1460,50000,,,0,0,,9,33,99
1461,10000,,,0,0,,9,9,99
1462,20000,,,0,0,,9,46,99
1463,20000,,,0,0,,9,65,99
1464,10000,,,0,0,,9,39,99
1465,40000,,,0,0,,9,66,99
1466,5000,,,0,0,,9,67,99
1467,10000,,,0,0,,9,11,99
1468,5000,,,0,0,,9,68,99
1469,30000,,,0,0,,9,16,99
1470,5000,,,0,0,,9,1,100
1471,5000,,,0,0,,9,2,100
1472,5000,,,0,0,,9,13,100
1473,40000,,,0,0,,9,64,100
1474,5000,,,0,0,,9,3,100
1475,40000,,,0,0,,9,32,100
1476,20000,,,0,0,,9,5,100
1477,50000,,,0,0,,9,33,100
1478,10000,,,0,0,,9,9,100
1479,20000,,,0,0,,9,46,100
1480,20000,,,0,0,,9,65,100
1481,10000,,,0,0,,9,39,100
1482,40000,,,0,0,,9,66,100
1483,5000,,,0,0,,9,67,100
1484,10000,,,0,0,,9,11,100
1485,5000,,,0,0,,9,68,100
1486,30000,,,0,0,,9,16,100
1487,5000,,,0,0,,9,1,101
1488,5000,,,0,0,,9,2,101
1489,5000,,,0,0,,9,13,101
1490,40000,,,0,0,,9,64,101
1491,5000,,,0,0,,9,3,101
1492,40000,,,0,0,,9,32,101
1493,20000,,,0,0,,9,5,101
1494,50000,,,0,0,,9,33,101
1495,10000,,,0,0,,9,9,101
1496,20000,,,0,0,,9,46,101
1497,20000,,,0,0,,9,65,101
1498,10000,,,0,0,,9,39,101
1499,40000,,,0,0,,9,66,101
1500,5000,,,0,0,,9,67,101
1501,10000,,,0,0,,9,11,101
1502,5000,,,0,0,,9,68,101
1503,30000,,,0,0,,9,16,101
1504,5000,,,0,0,,9,1,102
1505,5000,,,0,0,,9,2,102
1506,5000,,,0,0,,9,13,102
1507,40000,,,0,0,,9,64,102
1508,5000,,,0,0,,9,3,102
1509,40000,,,0,0,,9,32,102
1510,20000,,,0,0,,9,5,102
1511,50000,,,0,0,,9,33,102
1512,10000,,,0,0,,9,9,102
1513,20000,,,0,0,,9,46,102
1514,20000,,,0,0,,9,65,102
1515,10000,,,0,0,,9,39,102
1516,40000,,,0,0,,9,66,102
1517,5000,,,0,0,,9,67,102
1518,10000,,,0,0,,9,11,102
1519,5000,,,0,0,,9,68,102
1520,30000,,,0,0,,9,16,102
1521,5000,,,0,0,,9,1,103
1522,5000,,,0,0,,9,2,103
1523,5000,,,0,0,,9,13,103
1524,40000,,,0,0,,9,64,103
1525,5000,,,0,0,,9,3,103
1526,40000,,,0,0,,9,32,103
1527,20000,,,0,0,,9,5,103
1528,50000,,,0,0,,9,33,103
1529,10000,,,0,0,,9,9,103
1530,20000,,,0,0,,9,46,103
1531,20000,,,0,0,,9,65,103
1532,10000,,,0,0,,9,39,103
1533,40000,,,0,0,,9,66,103
1534,5000,,,0,0,,9,67,103
1535,10000,,,0,0,,9,11,103
1536,5000,,,0,0,,9,68,103
1537,30000,,,0,0,,9,16,103
1538,5000,,,0,0,,9,1,104
1539,5000,,,0,0,,9,2,104
1540,5000,,,0,0,,9,13,104
1541,40000,,,0,0,,9,64,104
1542,5000,,,0,0,,9,3,104
1543,40000,,,0,0,,9,32,104
1544,20000,,,0,0,,9,5,104
1545,50000,,,0,0,,9,33,104
1546,10000,,,0,0,,9,9,104
1547,20000,,,0,0,,9,46,104
1548,20000,,,0,0,,9,65,104
1549,10000,,,0,0,,9,39,104
1550,40000,,,0,0,,9,66,104
1551,5000,,,0,0,,9,67,104
1552,10000,,,0,0,,9,11,104
1553,5000,,,0,0,,9,68,104
1554,30000,,,0,0,,9,16,104
1555,5000,6,,0,0,,10,1,105
1556,5000,6,,0,0,,10,2,105
1557,40000,48,,0,0,,10,64,105
1558,10000,12,,0,0,,10,3,105
1559,30000,36,,0,0,,10,5,105
1560,5000,6,,0,0,,10,69,105
1561,50000,60,,0,0,,10,70,105
1562,10000,12,,0,0,,10,9,105
1563,5000,6,,0,0,,10,46,105
1564,5000,6,,0,0,,10,71,105
1565,5000,6,,0,0,,10,72,105
1566,50000,60,,0,0,,10,10,105
1567,5000,6,,0,0,,10,12,105
1568,5000,6,,0,0,,10,11,105
1569,5000,6,,0,0,,10,73,105
1570,5000,6,,0,0,,10,68,105
1571,5000,6,,0,0,,10,23,105
1572,30000,36,,0,0,,10,16,105
1573,5000,6,,0,0,,10,1,106
1574,5000,6,,0,0,,10,2,106
1575,40000,48,,0,0,,10,64,106
1576,10000,12,,0,0,,10,3,106
1577,30000,36,,0,0,,10,5,106
1578,5000,6,,0,0,,10,69,106
1579,50000,60,,0,0,,10,70,106
1580,10000,12,,0,0,,10,9,106
1581,5000,6,,0,0,,10,46,106
1582,5000,6,,0,0,,10,71,106
1583,5000,6,,0,0,,10,72,106
1584,50000,60,,0,0,,10,10,106
1585,5000,6,,0,0,,10,12,106
1586,5000,6,,0,0,,10,11,106
1587,5000,6,,0,0,,10,73,106
1588,5000,6,,0,0,,10,68,106
1589,5000,6,,0,0,,10,23,106
1590,30000,36,,0,0,,10,16,106
1591,5000,6,,0,0,,10,1,107
1592,5000,6,,0,0,,10,2,107
1593,40000,48,,0,0,,10,64,107
1594,10000,12,,0,0,,10,3,107
1595,30000,36,,0,0,,10,5,107
1596,5000,6,,0,0,,10,69,107
1597,50000,60,,0,0,,10,70,107
1598,10000,12,,0,0,,10,9,107
1599,5000,6,,0,0,,10,46,107
1600,5000,6,,0,0,,10,71,107
1601,5000,6,,0,0,,10,72,107
1602,50000,60,,0,0,,10,10,107
1603,5000,6,,0,0,,10,12,107
1604,5000,6,,0,0,,10,11,107
1605,5000,6,,0,0,,10,73,107
1606,5000,6,,0,0,,10,68,107
1607,5000,6,,0,0,,10,23,107
1608,30000,36,,0,0,,10,16,107
1609,5000,6,,0,0,,10,1,108
1610,5000,6,,0,0,,10,2,108
1611,40000,48,,0,0,,10,64,108
1612,10000,12,,0,0,,10,3,108
1613,30000,36,,0,0,,10,5,108
1614,5000,6,,0,0,,10,69,108
1615,50000,60,,0,0,,10,70,108
1616,10000,12,,0,0,,10,9,108
1617,5000,6,,0,0,,10,46,108
1618,5000,6,,0,0,,10,71,108
1619,5000,6,,0,0,,10,72,108
1620,50000,60,,0,0,,10,10,108
1621,5000,6,,0,0,,10,12,108
1622,5000,6,,0,0,,10,11,108
1623,5000,6,,0,0,,10,73,108
1624,5000,6,,0,0,,10,68,108
1625,5000,6,,0,0,,10,23,108
1626,30000,36,,0,0,,10,16,108
1627,5000,6,,0,0,,10,1,109
1628,5000,6,,0,0,,10,2,109
1629,40000,48,,0,0,,10,64,109
1630,10000,12,,0,0,,10,3,109
1631,30000,36,,0,0,,10,5,109
1632,5000,6,,0,0,,10,69,109
1633,50000,60,,0,0,,10,70,109
1634,10000,12,,0,0,,10,9,109
1635,5000,6,,0,0,,10,46,109
1636,5000,6,,0,0,,10,71,109
1637,5000,6,,0,0,,10,72,109
1638,50000,60,,0,0,,10,10,109
1639,5000,6,,0,0,,10,12,109
1640,5000,6,,0,0,,10,11,109
1641,5000,6,,0,0,,10,73,109
1642,5000,6,,0,0,,10,68,109
1643,5000,6,,0,0,,10,23,109
1644,30000,36,,0,0,,10,16,109
1645,5000,6,,0,0,,10,1,110
1646,5000,6,,0,0,,10,2,110
1647,40000,48,,0,0,,10,64,110
1648,10000,12,,0,0,,10,3,110
1649,30000,36,,0,0,,10,5,110
1650,5000,6,,0,0,,10,69,110
1651,50000,60,,0,0,,10,70,110
1652,10000,12,,0,0,,10,9,110
1653,5000,6,,0,0,,10,46,110
1654,5000,6,,0,0,,10,71,110
1655,5000,6,,0,0,,10,72,110
1656,50000,60,,0,0,,10,10,110
1657,5000,6,,0,0,,10,12,110
1658,5000,6,,0,0,,10,11,110
1659,5000,6,,0,0,,10,73,110
1660,5000,6,,0,0,,10,68,110
1661,5000,6,,0,0,,10,23,110
1662,30000,36,,0,0,,10,16,110
1663,5000,6,,0,0,,10,1,111
1664,5000,6,,0,0,,10,2,111
1665,40000,48,,0,0,,10,64,111
1666,10000,12,,0,0,,10,3,111
1667,30000,36,,0,0,,10,5,111
1668,5000,6,,0,0,,10,69,111
1669,50000,60,,0,0,,10,70,111
1670,10000,12,,0,0,,10,9,111
1671,5000,6,,0,0,,10,46,111
1672,5000,6,,0,0,,10,71,111
1673,5000,6,,0,0,,10,72,111
1674,50000,60,,0,0,,10,10,111
1675,5000,6,,0,0,,10,12,111
1676,5000,6,,0,0,,10,11,111
1677,5000,6,,0,0,,10,73,111
1678,5000,6,,0,0,,10,68,111
1679,5000,6,,0,0,,10,23,111
1680,30000,36,,0,0,,10,16,111
1681,5000,6,,0,0,,10,1,112
1682,5000,6,,0,0,,10,2,112
1683,40000,48,,0,0,,10,64,112
1684,10000,12,,0,0,,10,3,112
1685,30000,36,,0,0,,10,5,112
1686,5000,6,,0,0,,10,69,112
1687,50000,60,,0,0,,10,70,112
1688,10000,12,,0,0,,10,9,112
1689,5000,6,,0,0,,10,46,112
1690,5000,6,,0,0,,10,71,112
1691,5000,6,,0,0,,10,72,112
1692,50000,60,,0,0,,10,10,112
1693,5000,6,,0,0,,10,12,112
1694,5000,6,,0,0,,10,11,112
1695,5000,6,,0,0,,10,73,112
1696,5000,6,,0,0,,10,68,112
1697,5000,6,,0,0,,10,23,112
1698,30000,36,,0,0,,10,16,112
1699,5000,6,,0,0,,10,1,113
1700,5000,6,,0,0,,10,2,113
1701,40000,48,,0,0,,10,64,113
1702,10000,12,,0,0,,10,3,113
1703,30000,36,,0,0,,10,5,113
1704,5000,6,,0,0,,10,69,113
1705,50000,60,,0,0,,10,70,113
1706,10000,12,,0,0,,10,9,113
1707,5000,6,,0,0,,10,46,113
1708,5000,6,,0,0,,10,71,113
1709,5000,6,,0,0,,10,72,113
1710,50000,60,,0,0,,10,10,113
1711,5000,6,,0,0,,10,12,113
1712,5000,6,,0,0,,10,11,113
1713,5000,6,,0,0,,10,73,113
1714,5000,6,,0,0,,10,68,113
1715,5000,6,,0,0,,10,23,113
1716,30000,36,,0,0,,10,16,113
1717,5000,6,,0,0,,10,1,114
1718,5000,6,,0,0,,10,2,114
1719,40000,48,,0,0,,10,64,114
1720,10000,12,,0,0,,10,3,114
1721,30000,36,,0,0,,10,5,114
1722,5000,6,,0,0,,10,69,114
1723,50000,60,,0,0,,10,70,114
1724,10000,12,,0,0,,10,9,114
1725,5000,6,,0,0,,10,46,114
1726,5000,6,,0,0,,10,71,114
1727,5000,6,,0,0,,10,72,114
1728,50000,60,,0,0,,10,10,114
1729,5000,6,,0,0,,10,12,114
1730,5000,6,,0,0,,10,11,114
1731,5000,6,,0,0,,10,73,114
1732,5000,6,,0,0,,10,68,114
1733,5000,6,,0,0,,10,23,114
1734,30000,36,,0,0,,10,16,114
1735,5000,6,,0,0,,10,1,115
1736,5000,6,,0,0,,10,2,115
1737,40000,48,,0,0,,10,64,115
1738,10000,12,,0,0,,10,3,115
1739,30000,36,,0,0,,10,5,115
1740,5000,6,,0,0,,10,69,115
1741,50000,60,,0,0,,10,70,115
1742,10000,12,,0,0,,10,9,115
1743,5000,6,,0,0,,10,46,115
1744,5000,6,,0,0,,10,71,115
1745,5000,6,,0,0,,10,72,115
1746,50000,60,,0,0,,10,10,115
1747,5000,6,,0,0,,10,12,115
1748,5000,6,,0,0,,10,11,115
1749,5000,6,,0,0,,10,73,115
1750,5000,6,,0,0,,10,68,115
1751,5000,6,,0,0,,10,23,115
1752,30000,36,,0,0,,10,16,115
1753,5000,6,,0,0,,10,1,116
1754,5000,6,,0,0,,10,2,116
1755,40000,48,,0,0,,10,64,116
1756,10000,12,,0,0,,10,3,116
1757,30000,36,,0,0,,10,5,116
1758,5000,6,,0,0,,10,69,116
1759,50000,60,,0,0,,10,70,116
1760,10000,12,,0,0,,10,9,116
1761,5000,6,,0,0,,10,46,116
1762,5000,6,,0,0,,10,71,116
1763,5000,6,,0,0,,10,72,116
1764,50000,60,,0,0,,10,10,116
1765,5000,6,,0,0,,10,12,116
1766,5000,6,,0,0,,10,11,116
1767,5000,6,,0,0,,10,73,116
1768,5000,6,,0,0,,10,68,116
1769,5000,6,,0,0,,10,23,116
1770,30000,36,,0,0,,10,16,116
1771,5000,6,,0,0,,10,1,117
1772,5000,6,,0,0,,10,2,117
1773,40000,48,,0,0,,10,64,117
1774,10000,12,,0,0,,10,3,117
1775,30000,36,,0,0,,10,5,117
1776,5000,6,,0,0,,10,69,117
1777,50000,60,,0,0,,10,70,117
1778,10000,12,,0,0,,10,9,117
1779,5000,6,,0,0,,10,46,117
1780,5000,6,,0,0,,10,71,117
1781,5000,6,,0,0,,10,72,117
1782,50000,60,,0,0,,10,10,117
1783,5000,6,,0,0,,10,12,117
1784,5000,6,,0,0,,10,11,117
1785,5000,6,,0,0,,10,73,117
1786,5000,6,,0,0,,10,68,117
1787,5000,6,,0,0,,10,23,117
1788,30000,36,,0,0,,10,16,117
1789,5000,6,,0,0,,10,1,118
1790,5000,6,,0,0,,10,2,118
1791,40000,48,,0,0,,10,64,118
1792,10000,12,,0,0,,10,3,118
1793,30000,36,,0,0,,10,5,118
1794,5000,6,,0,0,,10,69,118
1795,50000,60,,0,0,,10,70,118
1796,10000,12,,0,0,,10,9,118
1797,5000,6,,0,0,,10,46,118
1798,5000,6,,0,0,,10,71,118
1799,5000,6,,0,0,,10,72,118
1800,50000,60,,0,0,,10,10,118
1801,5000,6,,0,0,,10,12,118
1802,5000,6,,0,0,,10,11,118
1803,5000,6,,0,0,,10,73,118
1804,5000,6,,0,0,,10,68,118
1805,5000,6,,0,0,,10,23,118
1806,30000,36,,0,0,,10,16,118
1807,5000,6,,0,0,,10,1,119
1808,5000,6,,0,0,,10,2,119
1809,40000,48,,0,0,,10,64,119
1810,10000,12,,0,0,,10,3,119
1811,30000,36,,0,0,,10,5,119
1812,5000,6,,0,0,,10,69,119
1813,50000,60,,0,0,,10,70,119
1814,10000,12,,0,0,,10,9,119
1815,5000,6,,0,0,,10,46,119
1816,5000,6,,0,0,,10,71,119
1817,5000,6,,0,0,,10,72,119
1818,50000,60,,0,0,,10,10,119
1819,5000,6,,0,0,,10,12,119
1820,5000,6,,0,0,,10,11,119
1821,5000,6,,0,0,,10,73,119
1822,5000,6,,0,0,,10,68,119
1823,5000,6,,0,0,,10,23,119
1824,30000,36,,0,0,,10,16,119
1825,5000,,,0,0,,11,1,120
1826,5000,,,0,0,,11,2,120
1827,55000,,,0,0,,11,64,120
1828,10000,,,0,0,,11,3,120
1829,40000,,,0,0,,11,4,120
1830,20000,,40000,0,0,,11,5,120
1831,50000,,,0,0,,11,74,120
1832,50000,,,0,0,,11,75,120
1833,50000,,,0,0,,11,76,120
1834,50000,,,0,0,,11,77,120
1835,15000,,,0,0,,11,8,120
1836,10000,,,0,0,,11,9,120
1837,20000,,,0,0,,11,78,120
1838,10000,,,0,0,,11,72,120
1839,35000,,,0,0,,11,10,120
1840,10000,,,0,0,,11,11,120
1841,10000,,,0,0,,11,79,120
1842,5000,,,0,0,,11,23,120
1843,5000,,,0,0,,11,1,121
1844,5000,,,0,0,,11,2,121
1845,55000,,,0,0,,11,64,121
1846,10000,,,0,0,,11,3,121
1847,40000,,,0,0,,11,4,121
1848,20000,,40000,0,0,,11,5,121
1849,50000,,,0,0,,11,74,121
1850,50000,,,0,0,,11,75,121
1851,50000,,,0,0,,11,76,121
1852,50000,,,0,0,,11,77,121
1853,15000,,,0,0,,11,8,121
1854,10000,,,0,0,,11,9,121
1855,20000,,,0,0,,11,78,121
1856,10000,,,0,0,,11,72,121
1857,35000,,,0,0,,11,10,121
1858,10000,,,0,0,,11,11,121
1859,10000,,,0,0,,11,79,121
1860,5000,,,0,0,,11,23,121
1861,5000,,,0,0,,11,1,122
1862,5000,,,0,0,,11,2,122
1863,55000,,,0,0,,11,64,122
1864,10000,,,0,0,,11,3,122
1865,40000,,,0,0,,11,4,122
1866,20000,,40000,0,0,,11,5,122
1867,50000,,,0,0,,11,74,122
1868,50000,,,0,0,,11,75,122
1869,50000,,,0,0,,11,76,122
1870,50000,,,0,0,,11,77,122
1871,15000,,,0,0,,11,8,122
1872,10000,,,0,0,,11,9,122
1873,20000,,,0,0,,11,78,122
1874,10000,,,0,0,,11,72,122
1875,35000,,,0,0,,11,10,122
1876,10000,,,0,0,,11,11,122
1877,10000,,,0,0,,11,79,122
1878,5000,,,0,0,,11,23,122
1879,5000,,,0,0,,11,1,123
1880,5000,,,0,0,,11,2,123
1881,55000,,,0,0,,11,64,123
1882,10000,,,0,0,,11,3,123
1883,40000,,,0,0,,11,4,123
1884,20000,,40000,0,0,,11,5,123
1885,50000,,,0,0,,11,74,123
1886,50000,,,0,0,,11,75,123
1887,50000,,,0,0,,11,76,123
1888,50000,,,0,0,,11,77,123
1889,15000,,,0,0,,11,8,123
1890,10000,,,0,0,,11,9,123
1891,20000,,,0,0,,11,78,123
1892,10000,,,0,0,,11,72,123
1893,35000,,,0,0,,11,10,123
1894,10000,,,0,0,,11,11,123
1895,10000,,,0,0,,11,79,123
1896,5000,,,0,0,,11,23,123
1897,5000,,,0,0,,11,1,124
1898,5000,,,0,0,,11,2,124
1899,55000,,,0,0,,11,64,124
1900,10000,,,0,0,,11,3,124
1901,40000,,,0,0,,11,4,124
1902,20000,,40000,0,0,,11,5,124
1903,50000,,,0,0,,11,74,124
1904,50000,,,0,0,,11,75,124
1905,50000,,,0,0,,11,76,124
1906,50000,,,0,0,,11,77,124
1907,15000,,,0,0,,11,8,124
1908,10000,,,0,0,,11,9,124
1909,20000,,,0,0,,11,78,124
1910,10000,,,0,0,,11,72,124
1911,35000,,,0,0,,11,10,124
1912,10000,,,0,0,,11,11,124
1913,10000,,,0,0,,11,79,124
1914,5000,,,0,0,,11,23,124
1915,5000,,,0,0,,11,1,125
1916,5000,,,0,0,,11,2,125
1917,55000,,,0,0,,11,64,125
1918,10000,,,0,0,,11,3,125
1919,40000,,,0,0,,11,4,125
1920,20000,,40000,0,0,,11,5,125
1921,50000,,,0,0,,11,74,125
1922,50000,,,0,0,,11,75,125
1923,50000,,,0,0,,11,76,125
1924,50000,,,0,0,,11,77,125
1925,15000,,,0,0,,11,8,125
1926,10000,,,0,0,,11,9,125
1927,20000,,,0,0,,11,78,125
1928,10000,,,0,0,,11,72,125
1929,35000,,,0,0,,11,10,125
1930,10000,,,0,0,,11,11,125
1931,10000,,,0,0,,11,79,125
1932,5000,,,0,0,,11,23,125
1933,5000,,,0,0,,11,1,126
1934,5000,,,0,0,,11,2,126
1935,55000,,,0,0,,11,64,126
1936,10000,,,0,0,,11,3,126
1937,40000,,,0,0,,11,4,126
1938,20000,,40000,0,0,,11,5,126
1939,50000,,,0,0,,11,74,126
1940,50000,,,0,0,,11,75,126
1941,50000,,,0,0,,11,76,126
1942,50000,,,0,0,,11,77,126
1943,15000,,,0,0,,11,8,126
1944,10000,,,0,0,,11,9,126
1945,20000,,,0,0,,11,78,126
1946,10000,,,0,0,,11,72,126
1947,35000,,,0,0,,11,10,126
1948,10000,,,0,0,,11,11,126
1949,10000,,,0,0,,11,79,126
1950,5000,,,0,0,,11,23,126
1951,5000,,,0,0,,11,1,127
1952,5000,,,0,0,,11,2,127
1953,55000,,,0,0,,11,64,127
1954,10000,,,0,0,,11,3,127
1955,40000,,,0,0,,11,4,127
1956,20000,,40000,0,0,,11,5,127
1957,50000,,,0,0,,11,74,127
1958,50000,,,0,0,,11,75,127
1959,50000,,,0,0,,11,76,127
1960,50000,,,0,0,,11,77,127
1961,15000,,,0,0,,11,8,127
1962,10000,,,0,0,,11,9,127
1963,20000,,,0,0,,11,78,127
1964,10000,,,0,0,,11,72,127
1965,35000,,,0,0,,11,10,127
1966,10000,,,0,0,,11,11,127
1967,10000,,,0,0,,11,79,127
1968,5000,,,0,0,,11,23,127
1969,5000,,,0,0,,11,1,128
1970,5000,,,0,0,,11,2,128
1971,55000,,,0,0,,11,64,128
1972,10000,,,0,0,,11,3,128
1973,40000,,,0,0,,11,4,128
1974,20000,,40000,0,0,,11,5,128
1975,50000,,,0,0,,11,74,128
1976,50000,,,0,0,,11,75,128
1977,50000,,,0,0,,11,76,128
1978,50000,,,0,0,,11,77,128
1979,15000,,,0,0,,11,8,128
1980,10000,,,0,0,,11,9,128
1981,20000,,,0,0,,11,78,128
1982,10000,,,0,0,,11,72,128
1983,35000,,,0,0,,11,10,128
1984,10000,,,0,0,,11,11,128
1985,10000,,,0,0,,11,79,128
1986,5000,,,0,0,,11,23,128
1987,5000,,,0,0,,11,1,129
1988,5000,,,0,0,,11,2,129
1989,55000,,,0,0,,11,64,129
1990,10000,,,0,0,,11,3,129
1991,40000,,,0,0,,11,4,129
1992,20000,,40000,0,0,,11,5,129
1993,50000,,,0,0,,11,74,129
1994,50000,,,0,0,,11,75,129
1995,50000,,,0,0,,11,76,129
1996,50000,,,0,0,,11,77,129
1997,15000,,,0,0,,11,8,129
1998,10000,,,0,0,,11,9,129
1999,20000,,,0,0,,11,78,129
2000,10000,,,0,0,,11,72,129
2001,35000,,,0,0,,11,10,129
2002,10000,,,0,0,,11,11,129
2003,10000,,,0,0,,11,79,129
2004,5000,,,0,0,,11,23,129
2005,7500,,,0,0,,12,1,130
2006,7500,,,0,0,,12,2,130
2007,45000,,,0,0,,12,64,130
2008,7500,,,0,0,,12,3,130
2009,30000,,,0,0,,12,4,130
2010,30000,,,0,0,,12,5,130
2011,15000,,,0,0,,12,80,130
2012,90000,,,0,0,,12,6,130
2013,7500,,,0,0,,12,75,130
2014,7500,,,0,0,,12,39,130
2015,15000,,,0,0,,12,8,130
2016,20000,,,0,0,,12,9,130
2017,7500,,,0,0,,12,81,130
2018,45000,,,0,0,,12,10,130
2019,7500,,,0,0,,12,11,130
2020,45000,,,0,0,,12,16,130
2021,7500,,,0,0,,12,1,131
2022,7500,,,0,0,,12,2,131
2023,45000,,,0,0,,12,64,131
2024,7500,,,0,0,,12,3,131
2025,30000,,,0,0,,12,4,131
2026,30000,,,0,0,,12,5,131
2027,15000,,,0,0,,12,80,131
2028,7500,,,0,0,,12,75,131
2029,7500,,,0,0,,12,39,131
2030,15000,,,0,0,,12,8,131
2031,20000,,,0,0,,12,9,131
2032,7500,,,0,0,,12,81,131
2033,45000,,,0,0,,12,10,131
2034,7500,,,0,0,,12,11,131
2035,15000,,,0,0,,12,16,131
2036,7500,,,0,0,,12,1,132
2037,7500,,,0,0,,12,2,132
2038,45000,,,0,0,,12,64,132
2039,7500,,,0,0,,12,3,132
2040,30000,,,0,0,,12,4,132
2041,30000,,,0,0,,12,5,132
2042,15000,,,0,0,,12,80,132
2043,90000,,,0,0,,12,6,132
2044,7500,,,0,0,,12,75,132
2045,7500,,,0,0,,12,39,132
2046,15000,,,0,0,,12,8,132
2047,20000,,,0,0,,12,9,132
2048,7500,,,0,0,,12,81,132
2049,45000,,,0,0,,12,10,132
2050,7500,,,0,0,,12,11,132
2051,45000,,,0,0,,12,16,132
2052,7500,,,0,0,,12,1,133
2053,7500,,,0,0,,12,2,133
2054,45000,,,0,0,,12,64,133
2055,7500,,,0,0,,12,3,133
2056,30000,,,0,0,,12,4,133
2057,30000,,,0,0,,12,5,133
2058,15000,,,0,0,,12,80,133
2059,90000,,,0,0,,12,6,133
2060,7500,,,0,0,,12,75,133
2061,7500,,,0,0,,12,39,133
2062,15000,,,0,0,,12,8,133
2063,20000,,,0,0,,12,9,133
2064,7500,,,0,0,,12,81,133
2065,45000,,,0,0,,12,10,133
2066,7500,,,0,0,,12,11,133
2067,45000,,,0,0,,12,16,133
2068,7500,,,0,0,,12,1,134
2069,7500,,,0,0,,12,2,134
2070,45000,,,0,0,,12,64,134
2071,7500,,,0,0,,12,3,134
2072,30000,,,0,0,,12,4,134
2073,30000,,,0,0,,12,5,134
2074,15000,,,0,0,,12,80,134
2075,90000,,,0,0,,12,6,134
2076,7500,,,0,0,,12,75,134
2077,7500,,,0,0,,12,39,134
2078,15000,,,0,0,,12,8,134
2079,20000,,,0,0,,12,9,134
2080,7500,,,0,0,,12,81,134
2081,45000,,,0,0,,12,10,134
2082,7500,,,0,0,,12,11,134
2083,45000,,,0,0,,12,16,134
2084,7500,,,0,0,,12,1,135
2085,7500,,,0,0,,12,2,135
2086,45000,,,0,0,,12,64,135
2087,7500,,,0,0,,12,3,135
2088,30000,,,0,0,,12,4,135
2089,30000,,,0,0,,12,5,135
2090,15000,,,0,0,,12,80,135
2091,90000,,,0,0,,12,6,135
2092,7500,,,0,0,,12,75,135
2093,7500,,,0,0,,12,39,135
2094,15000,,,0,0,,12,8,135
2095,20000,,,0,0,,12,9,135
2096,7500,,,0,0,,12,81,135
2097,45000,,,0,0,,12,10,135
2098,7500,,,0,0,,12,11,135
2099,45000,,,0,0,,12,16,135
2100,10000,,,0,0,,12,1,136
2101,10000,,,0,0,,12,2,136
2102,50000,,,0,0,,12,64,136
2103,10000,,,0,0,,12,3,136
2104,40000,,,0,0,,12,4,136
2105,20000,,,0,0,,12,5,136
2106,10000,,,0,0,,12,75,136
2107,10000,,,0,0,,12,39,136
2108,15000,,,0,0,,12,8,136
2109,20000,,,0,0,,12,9,136
2110,10000,,,0,0,,12,81,136
2111,40000,,,0,0,,12,10,136
2112,10000,,,0,0,,12,11,136
2113,30000,,,0,0,,12,16,136
2114,10000,,,0,0,,12,1,137
2115,10000,,,0,0,,12,2,137
2116,50000,,,0,0,,12,64,137
2117,10000,,,0,0,,12,3,137
2118,40000,,,0,0,,12,4,137
2119,20000,,,0,0,,12,5,137
2120,10000,,,0,0,,12,75,137
2121,10000,,,0,0,,12,39,137
2122,15000,,,0,0,,12,8,137
2123,20000,,,0,0,,12,9,137
2124,10000,,,0,0,,12,81,137
2125,40000,,,0,0,,12,10,137
2126,10000,,,0,0,,12,11,137
2127,30000,,,0,0,,12,16,137
2128,7500,,,0,0,,12,1,138
2129,7500,,,0,0,,12,2,138
2130,45000,,,0,0,,12,64,138
2131,7500,,,0,0,,12,3,138
2132,30000,,,0,0,,12,4,138
2133,30000,,,0,0,,12,5,138
2134,15000,,,0,0,,12,80,138
2135,90000,,,0,0,,12,6,138
2136,7500,,,0,0,,12,75,138
2137,7500,,,0,0,,12,39,138
2138,15000,,,0,0,,12,8,138
2139,20000,,,0,0,,12,9,138
2140,7500,,,0,0,,12,81,138
2141,45000,,,0,0,,12,10,138
2142,7500,,,0,0,,12,11,138
2143,15000,,,0,0,,12,16,138
2144,7500,,,0,0,,12,1,139
2145,7500,,,0,0,,12,2,139
2146,45000,,,0,0,,12,64,139
2147,7500,,,0,0,,12,3,139
2148,30000,,,0,0,,12,4,139
2149,30000,,,0,0,,12,5,139
2150,15000,,,0,0,,12,80,139
2151,7500,,,0,0,,12,75,139
2152,7500,,,0,0,,12,39,139
2153,15000,,,0,0,,12,8,139
2154,20000,,,0,0,,12,9,139
2155,7500,,,0,0,,12,81,139
2156,45000,,,0,0,,12,10,139
2157,7500,,,0,0,,12,11,139
2158,15000,,,0,0,,12,16,139
2159,7500,,,0,0,,12,1,140
2160,7500,,,0,0,,12,2,140
2161,45000,,,0,0,,12,64,140
2162,7500,,,0,0,,12,3,140
2163,30000,,,0,0,,12,4,140
2164,30000,,,0,0,,12,5,140
2165,15000,,,0,0,,12,80,140
2166,7500,,,0,0,,12,75,140
2167,7500,,,0,0,,12,39,140
2168,15000,,,0,0,,12,8,140
2169,20000,,,0,0,,12,9,140
2170,7500,,,0,0,,12,81,140
2171,45000,,,0,0,,12,10,140
2172,7500,,,0,0,,12,11,140
2173,15000,,,0,0,,12,16,140
2174,5000,,,0,0,,12,1,141
2175,5000,,,0,0,,12,2,141
2176,15000,,,0,0,,12,64,141
2177,5000,,,0,0,,12,3,141
2178,45000,,,0,0,,12,4,141
2179,25000,,,0,0,,12,5,141
2180,20000,,,0,0,,12,80,141
2181,55000,,,0,0,,12,6,141
2182,5000,,,0,0,,12,39,141
2183,15000,,,0,0,,12,8,141
2184,20000,,,0,0,,12,9,141
2185,5000,,,0,0,,12,81,141
2186,20000,,,0,0,,12,10,141
2187,5000,,,0,0,,12,11,141
2188,15000,,,0,0,,12,16,141
2189,5000,,,0,0,,12,1,142
2190,5000,,,0,0,,12,2,142
2191,15000,,,0,0,,12,64,142
2192,5000,,,0,0,,12,3,142
2193,45000,,,0,0,,12,4,142
2194,25000,,,0,0,,12,5,142
2195,20000,,,0,0,,12,80,142
2196,55000,,,0,0,,12,6,142
2197,5000,,,0,0,,12,39,142
2198,15000,,,0,0,,12,8,142
2199,20000,,,0,0,,12,9,142
2200,5000,,,0,0,,12,81,142
2201,20000,,,0,0,,12,10,142
2202,5000,,,0,0,,12,11,142
2203,15000,,,0,0,,12,16,142
2204,10000,,,0,0,,13,1,143
2205,10000,,,0,0,,13,2,143
2206,50000,,,0,0,,13,64,143
2207,10000,,,0,0,,13,3,143
2208,80000,,,0,0,,13,4,143
2209,50000,,,0,0,,13,5,143
2210,100000,,,0,0,,13,6,143
2211,10000,,,0,0,,13,75,143
2212,20000,,,0,0,,13,8,143
2213,40000,,,0,0,,13,9,143
2214,40000,,,0,0,,13,10,143
2215,20000,,,0,0,,13,11,143
2216,10000,,,0,0,,13,79,143
2217,60000,,,0,0,,13,16,143
2218,10000,,,0,0,,13,1,144
2219,10000,,,0,0,,13,2,144
2220,50000,,,0,0,,13,64,144
2221,10000,,,0,0,,13,3,144
2222,80000,,,0,0,,13,4,144
2223,50000,,,0,0,,13,5,144
2224,100000,,,0,0,,13,6,144
2225,10000,,,0,0,,13,75,144
2226,20000,,,0,0,,13,8,144
2227,40000,,,0,0,,13,9,144
2228,40000,,,0,0,,13,10,144
2229,20000,,,0,0,,13,11,144
2230,10000,,,0,0,,13,79,144
2231,60000,,,0,0,,13,16,144
2232,10000,,,0,0,,13,1,145
2233,10000,,,0,0,,13,2,145
2234,50000,,,0,0,,13,64,145
2235,10000,,,0,0,,13,3,145
2236,80000,,,0,0,,13,4,145
2237,50000,,,0,0,,13,5,145
2238,100000,,,0,0,,13,6,145
2239,10000,,,0,0,,13,75,145
2240,20000,,,0,0,,13,8,145
2241,40000,,,0,0,,13,9,145
2242,40000,,,0,0,,13,10,145
2243,20000,,,0,0,,13,11,145
2244,10000,,,0,0,,13,79,145
2245,60000,,,0,0,,13,16,145
2246,10000,,,0,0,,13,1,146
2247,10000,,,0,0,,13,2,146
2248,50000,,,0,0,,13,64,146
2249,10000,,,0,0,,13,3,146
2250,80000,,,0,0,,13,4,146
2251,50000,,,0,0,,13,5,146
2252,100000,,,0,0,,13,6,146
2253,10000,,,0,0,,13,75,146
2254,20000,,,0,0,,13,8,146
2255,40000,,,0,0,,13,9,146
2256,40000,,,0,0,,13,10,146
2257,20000,,,0,0,,13,11,146
2258,10000,,,0,0,,13,79,146
2259,60000,,,0,0,,13,82,146
2260,10000,,,0,0,,13,1,147
2261,10000,,,0,0,,13,2,147
2262,50000,,,0,0,,13,64,147
2263,10000,,,0,0,,13,3,147
2264,80000,,,0,0,,13,4,147
2265,50000,,,0,0,,13,5,147
2266,100000,,,0,0,,13,6,147
2267,10000,,,0,0,,13,75,147
2268,20000,,,0,0,,13,8,147
2269,40000,,,0,0,,13,9,147
2270,40000,,,0,0,,13,10,147
2271,20000,,,0,0,,13,11,147
2272,10000,,,0,0,,13,79,147
2273,60000,,,0,0,,13,16,147
2274,10000,,,0,0,,13,1,148
2275,10000,,,0,0,,13,2,148
2276,50000,,,0,0,,13,64,148
2277,10000,,,0,0,,13,3,148
2278,80000,,,0,0,,13,4,148
2279,50000,,,0,0,,13,5,148
2280,100000,,,0,0,,13,6,148
2281,10000,,,0,0,,13,75,148
2282,20000,,,0,0,,13,8,148
2283,40000,,,0,0,,13,9,148
2284,40000,,,0,0,,13,10,148
2285,20000,,,0,0,,13,11,148
2286,10000,,,0,0,,13,79,148
2287,60000,,,0,0,,13,16,148
2288,10000,,,0,0,,13,1,149
2289,10000,,,0,0,,13,2,149
2290,50000,,,0,0,,13,64,149
2291,10000,,,0,0,,13,3,149
2292,80000,,,0,0,,13,4,149
2293,50000,,,0,0,,13,5,149
2294,100000,,,0,0,,13,6,149
2295,10000,,,0,0,,13,75,149
2296,20000,,,0,0,,13,8,149
2297,40000,,,0,0,,13,9,149
2298,40000,,,0,0,,13,10,149
2299,20000,,,0,0,,13,11,149
2300,10000,,,0,0,,13,79,149
2301,60000,,,0,0,,13,16,149
2302,5000,6,,0,0,,14,1,150
2303,5000,6,,0,0,,14,2,150
2304,40000,48,,0,0,,14,64,150
2305,10000,12,,0,0,,14,3,150
2306,20000,24,,0,0,,14,4,150
2307,20000,24,,0,0,,14,5,150
2308,5000,6,,0,0,,14,69,150
2309,50000,60,,0,0,,14,70,150
2310,10000,12,,0,0,,14,9,150
2311,5000,6,,0,0,,14,46,150
2312,5000,6,,0,0,,14,71,150
2313,5000,6,,0,0,,14,72,150
2314,50000,60,,0,0,,14,10,150
2315,5000,6,,0,0,,14,12,150
2316,5000,6,,0,0,,14,11,150
2317,5000,6,,0,0,,14,73,150
2318,5000,6,,0,0,,14,68,150
2319,5000,6,,0,0,,14,23,150
2320,20000,24,,0,0,,14,16,150
2321,5000,6,,0,0,,14,1,151
2322,5000,6,,0,0,,14,2,151
2323,40000,48,,0,0,,14,64,151
2324,10000,12,,0,0,,14,3,151
2325,20000,24,,0,0,,14,4,151
2326,20000,24,,0,0,,14,5,151
2327,5000,6,,0,0,,14,69,151
2328,50000,60,,0,0,,14,70,151
2329,10000,12,,0,0,,14,9,151
2330,5000,6,,0,0,,14,46,151
2331,5000,6,,0,0,,14,71,151
2332,5000,6,,0,0,,14,72,151
2333,50000,60,,0,0,,14,10,151
2334,5000,6,,0,0,,14,12,151
2335,5000,6,,0,0,,14,11,151
2336,5000,6,,0,0,,14,73,151
2337,5000,6,,0,0,,14,68,151
2338,5000,6,,0,0,,14,23,151
2339,20000,24,,0,0,,14,16,151
2340,5000,6,,0,0,,14,1,152
2341,5000,6,,0,0,,14,2,152
2342,65000,78,,0,0,,14,64,152
2343,10000,12,,0,0,,14,3,152
2344,25000,30,,0,0,,14,4,152
2345,30000,36,,0,0,,14,5,152
2346,5000,6,,0,0,,14,69,152
2347,60000,72,,0,0,,14,70,152
2348,15000,18,,0,0,,14,9,152
2349,10000,12,,0,0,,14,46,152
2350,10000,12,,0,0,,14,71,152
2351,10000,12,,0,0,,14,72,152
2352,50000,60,,0,0,,14,10,152
2353,5000,6,,0,0,,14,12,152
2354,5000,6,,0,0,,14,11,152
2355,5000,6,,0,0,,14,73,152
2356,5000,6,,0,0,,14,68,152
2357,5000,6,,0,0,,14,23,152
2358,15000,18,,0,0,,14,16,152
2359,5000,6,,0,0,,14,1,153
2360,5000,6,,0,0,,14,2,153
2361,65000,78,,0,0,,14,64,153
2362,10000,12,,0,0,,14,3,153
2363,25000,30,,0,0,,14,4,153
2364,30000,36,,0,0,,14,5,153
2365,5000,6,,0,0,,14,69,153
2366,60000,72,,0,0,,14,70,153
2367,15000,18,,0,0,,14,9,153
2368,10000,12,,0,0,,14,46,153
2369,10000,12,,0,0,,14,71,153
2370,10000,12,,0,0,,14,72,153
2371,50000,60,,0,0,,14,10,153
2372,5000,6,,0,0,,14,12,153
2373,5000,6,,0,0,,14,11,153
2374,5000,6,,0,0,,14,73,153
2375,5000,6,,0,0,,14,68,153
2376,5000,6,,0,0,,14,23,153
2377,15000,18,,0,0,,14,16,153
2378,5000,6,,0,0,,14,1,154
2379,5000,6,,0,0,,14,2,154
2380,65000,78,,0,0,,14,64,154
2381,10000,12,,0,0,,14,3,154
2382,25000,30,,0,0,,14,4,154
2383,30000,36,,0,0,,14,5,154
2384,5000,6,,0,0,,14,69,154
2385,60000,72,,0,0,,14,70,154
2386,15000,18,,0,0,,14,9,154
2387,10000,12,,0,0,,14,46,154
2388,10000,12,,0,0,,14,71,154
2389,10000,12,,0,0,,14,72,154
2390,50000,60,,0,0,,14,10,154
2391,5000,6,,0,0,,14,12,154
2392,5000,6,,0,0,,14,11,154
2393,5000,6,,0,0,,14,73,154
2394,5000,6,,0,0,,14,68,154
2395,5000,6,,0,0,,14,23,154
2396,15000,18,,0,0,,14,16,154
2397,5000,6,,0,0,,14,1,155
2398,5000,6,,0,0,,14,2,155
2399,65000,78,,0,0,,14,64,155
2400,10000,12,,0,0,,14,3,155
2401,25000,30,,0,0,,14,4,155
2402,30000,36,,0,0,,14,5,155
2403,5000,6,,0,0,,14,69,155
2404,60000,72,,0,0,,14,70,155
2405,15000,18,,0,0,,14,9,155
2406,10000,12,,0,0,,14,46,155
2407,10000,12,,0,0,,14,71,155
2408,10000,12,,0,0,,14,72,155
2409,50000,60,,0,0,,14,10,155
2410,5000,6,,0,0,,14,12,155
2411,5000,6,,0,0,,14,11,155
2412,5000,6,,0,0,,14,73,155
2413,5000,6,,0,0,,14,68,155
2414,5000,6,,0,0,,14,23,155
2415,15000,18,,0,0,,14,16,155
2416,5000,6,,0,0,,14,1,156
2417,5000,6,,0,0,,14,2,156
2418,65000,78,,0,0,,14,64,156
2419,10000,12,,0,0,,14,3,156
2420,25000,30,,0,0,,14,4,156
2421,30000,36,,0,0,,14,5,156
2422,5000,6,,0,0,,14,69,156
2423,60000,72,,0,0,,14,70,156
2424,15000,18,,0,0,,14,9,156
2425,10000,12,,0,0,,14,46,156
2426,10000,12,,0,0,,14,71,156
2427,10000,12,,0,0,,14,72,156
2428,50000,60,,0,0,,14,10,156
2429,5000,6,,0,0,,14,12,156
2430,5000,6,,0,0,,14,11,156
2431,5000,6,,0,0,,14,73,156
2432,5000,6,,0,0,,14,68,156
2433,5000,6,,0,0,,14,23,156
2434,15000,18,,0,0,,14,16,156
2435,5000,6,,0,0,,14,1,157
2436,5000,6,,0,0,,14,2,157
2437,65000,78,,0,0,,14,64,157
2438,10000,12,,0,0,,14,3,157
2439,25000,30,,0,0,,14,4,157
2440,30000,36,,0,0,,14,5,157
2441,5000,6,,0,0,,14,69,157
2442,60000,72,,0,0,,14,70,157
2443,15000,18,,0,0,,14,9,157
2444,10000,12,,0,0,,14,46,157
2445,10000,12,,0,0,,14,71,157
2446,10000,12,,0,0,,14,72,157
2447,50000,60,,0,0,,14,10,157
2448,5000,6,,0,0,,14,12,157
2449,5000,6,,0,0,,14,11,157
2450,5000,6,,0,0,,14,73,157
2451,5000,6,,0,0,,14,68,157
2452,5000,6,,0,0,,14,23,157
2453,15000,18,,0,0,,14,16,157
2454,20000,12,,0,0,,15,1,158
2455,20000,12,,0,0,,15,2,158
2456,100000,60,,0,0,,15,64,158
2457,10000,6,,0,0,,15,3,158
2458,60000,36,,0,0,,15,4,158
2459,100000,60,,0,0,,15,43,158
2460,30000,18,,0,0,,15,9,158
2461,20000,12,,0,0,,15,8,158
2462,10000,6,,0,0,,15,46,158
2463,10000,6,,0,0,,15,71,158
2464,10000,6,,0,0,,15,72,158
2465,60000,36,,0,0,,15,19,158
2466,20000,12,,0,0,,15,12,158
2467,10000,6,,0,0,,15,11,158
2468,10000,6,,0,0,,15,73,158
2469,10000,6,,0,0,,15,68,158
2470,10000,6,,0,0,,15,23,158
2471,110000,66,,0,0,,15,16,158
2472,5000,6,,0,0,,15,1,159
2473,10000,10,,0,0,,15,2,159
2474,100000,60,,0,0,,15,64,159
2475,10000,6,,0,0,,15,3,159
2476,60000,36,,0,0,,15,4,159
2477,100000,60,,0,0,,15,43,159
2478,30000,18,,0,0,,15,9,159
2479,20000,12,,0,0,,15,8,159
2480,10000,6,,0,0,,15,46,159
2481,10000,6,,0,0,,15,71,159
2482,10000,6,,0,0,,15,72,159
2483,80000,48,,0,0,,15,19,159
2484,20000,12,,0,0,,15,12,159
2485,10000,6,,0,0,,15,11,159
2486,10000,6,,0,0,,15,73,159
2487,10000,6,,0,0,,15,68,159
2488,10000,6,,0,0,,15,23,159
2489,130000,78,,0,0,,15,16,159
2490,5000,6,,0,0,,15,1,160
2491,10000,10,,0,0,,15,2,160
2492,100000,60,,0,0,,15,64,160
2493,10000,6,,0,0,,15,3,160
2494,60000,36,,0,0,,15,4,160
2495,100000,60,,0,0,,15,43,160
2496,30000,18,,0,0,,15,9,160
2497,20000,12,,0,0,,15,8,160
2498,10000,6,,0,0,,15,46,160
2499,10000,6,,0,0,,15,71,160
2500,10000,6,,0,0,,15,72,160
2501,80000,48,,0,0,,15,19,160
2502,20000,12,,0,0,,15,12,160
2503,10000,6,,0,0,,15,11,160
2504,10000,6,,0,0,,15,73,160
2505,10000,6,,0,0,,15,68,160
2506,10000,6,,0,0,,15,23,160
2507,40000,24,,0,0,,15,16,160
2508,5000,6,,0,0,,15,1,161
2509,10000,10,,0,0,,15,2,161
2510,100000,60,,0,0,,15,64,161
2511,10000,6,,0,0,,15,3,161
2512,60000,36,,0,0,,15,4,161
2513,100000,60,,0,0,,15,43,161
2514,30000,18,,0,0,,15,9,161
2515,20000,12,,0,0,,15,8,161
2516,10000,6,,0,0,,15,46,161
2517,10000,6,,0,0,,15,71,161
2518,10000,6,,0,0,,15,72,161
2519,60000,36,,0,0,,15,19,161
2520,20000,12,,0,0,,15,12,161
2521,10000,6,,0,0,,15,11,161
2522,10000,6,,0,0,,15,73,161
2523,10000,6,,0,0,,15,68,161
2524,10000,6,,0,0,,15,23,161
2525,40000,24,,0,0,,15,16,161
2526,5000,6,,0,0,,15,1,162
2527,10000,10,,0,0,,15,2,162
2528,100000,60,,0,0,,15,64,162
2529,10000,6,,0,0,,15,3,162
2530,60000,36,,0,0,,15,4,162
2531,40000,24,,0,0,,15,43,162
2532,20000,12,,0,0,,15,9,162
2533,10000,6,,0,0,,15,8,162
2534,10000,6,,0,0,,15,46,162
2535,10000,6,,0,0,,15,71,162
2536,10000,6,,0,0,,15,72,162
2537,40000,24,,0,0,,15,19,162
2538,10000,6,,0,0,,15,12,162
2539,10000,6,,0,0,,15,11,162
2540,10000,6,,0,0,,15,73,162
2541,10000,6,,0,0,,15,68,162
2542,10000,6,,0,0,,15,23,162
2543,70000,42,,0,0,,15,16,162
2544,5000,6,,0,0,,15,1,163
2545,10000,10,,0,0,,15,2,163
2546,100000,60,,0,0,,15,64,163
2547,10000,6,,0,0,,15,3,163
2548,60000,36,,0,0,,15,4,163
2549,100000,60,,0,0,,15,43,163
2550,20000,12,,0,0,,15,9,163
2551,20000,12,,0,0,,15,8,163
2552,10000,6,,0,0,,15,46,163
2553,10000,6,,0,0,,15,71,163
2554,10000,6,,0,0,,15,72,163
2555,40000,24,,0,0,,15,19,163
2556,20000,12,,0,0,,15,12,163
2557,10000,6,,0,0,,15,11,163
2558,10000,6,,0,0,,15,73,163
2559,10000,6,,0,0,,15,68,163
2560,10000,6,,0,0,,15,23,163
2561,70000,42,,0,0,,15,16,163
2562,5000,6,,0,0,,15,1,164
2563,10000,10,,0,0,,15,2,164
2564,100000,60,,0,0,,15,64,164
2565,10000,6,,0,0,,15,3,164
2566,60000,36,,0,0,,15,4,164
2567,100000,60,,0,0,,15,43,164
2568,20000,12,,0,0,,15,9,164
2569,20000,12,,0,0,,15,8,164
2570,10000,6,,0,0,,15,46,164
2571,10000,6,,0,0,,15,71,164
2572,10000,6,,0,0,,15,72,164
2573,40000,24,,0,0,,15,19,164
2574,20000,12,,0,0,,15,12,164
2575,10000,6,,0,0,,15,11,164
2576,10000,6,,0,0,,15,73,164
2577,10000,6,,0,0,,15,68,164
2578,10000,6,,0,0,,15,23,164
2579,70000,42,,0,0,,15,16,164
2580,20000,12,,0,0,,15,1,165
2581,20000,12,,0,0,,15,2,165
2582,100000,60,,0,0,,15,64,165
2583,10000,6,,0,0,,15,3,165
2584,60000,36,,0,0,,15,4,165
2585,100000,60,,0,0,,15,43,165
2586,30000,18,,0,0,,15,9,165
2587,20000,12,,0,0,,15,8,165
2588,10000,6,,0,0,,15,46,165
2589,10000,6,,0,0,,15,71,165
2590,10000,6,,0,0,,15,72,165
2591,60000,36,,0,0,,15,19,165
2592,20000,12,,0,0,,15,12,165
2593,10000,6,,0,0,,15,11,165
2594,10000,6,,0,0,,15,73,165
2595,10000,6,,0,0,,15,68,165
2596,10000,6,,0,0,,15,23,165
2597,80000,48,,0,0,,15,16,165
2598,20000,12,,0,0,,15,1,166
2599,20000,12,,0,0,,15,2,166
2600,100000,60,,0,0,,15,64,166
2601,10000,6,,0,0,,15,3,166
2602,60000,36,,0,0,,15,4,166
2603,100000,60,,0,0,,15,43,166
2604,30000,18,,0,0,,15,9,166
2605,20000,12,,0,0,,15,8,166
2606,10000,6,,0,0,,15,46,166
2607,10000,6,,0,0,,15,71,166
2608,10000,6,,0,0,,15,72,166
2609,60000,36,,0,0,,15,19,166
2610,20000,12,,0,0,,15,12,166
2611,10000,6,,0,0,,15,11,166
2612,10000,6,,0,0,,15,73,166
2613,10000,6,,0,0,,15,68,166
2614,10000,6,,0,0,,15,23,166
2615,80000,48,,0,0,,15,16,166
2616,5000,6,,0,0,,15,1,167
2617,10000,10,,0,0,,15,2,167
2618,100000,60,,0,0,,15,64,167
2619,10000,6,,0,0,,15,3,167
2620,60000,36,,0,0,,15,4,167
2621,100000,60,,0,0,,15,43,167
2622,30000,18,,0,0,,15,9,167
2623,20000,12,,0,0,,15,8,167
2624,10000,6,,0,0,,15,46,167
2625,10000,6,,0,0,,15,71,167
2626,10000,6,,0,0,,15,72,167
2627,80000,48,,0,0,,15,19,167
2628,20000,12,,0,0,,15,12,167
2629,10000,6,,0,0,,15,11,167
2630,10000,6,,0,0,,15,73,167
2631,10000,6,,0,0,,15,68,167
2632,10000,6,,0,0,,15,23,167
2633,80000,48,,0,0,,15,16,167
2634,5000,,,0,0,,16,1,168
2635,5000,,,0,0,,16,30,168
2636,5000,,,0,0,,16,2,168
2637,20000,,,0,0,,16,64,168
2638,10000,,,0,0,,16,3,168
2639,30000,,,0,0,,16,4,168
2640,20000,,,0,0,,16,5,168
2641,10000,,,0,0,,16,9,168
2642,10000,,,0,0,,16,83,168
2643,30000,,,0,0,,16,36,168
2644,30000,,,0,0,,16,19,168
2645,10000,,,0,0,,16,11,168
2646,5000,,,0,0,,16,73,168
2647,5000,,,0,0,,16,68,168
2648,10000,,,0,0,,16,84,168
2649,10000,,,0,0,,16,16,168
2650,5000,,,0,0,,16,1,169
2651,5000,,,0,0,,16,30,169
2652,5000,,,0,0,,16,2,169
2653,40000,,,0,0,,16,64,169
2654,10000,,,0,0,,16,3,169
2655,40000,,,0,0,,16,4,169
2656,30000,,,0,0,,16,5,169
2657,10000,,,0,0,,16,9,169
2658,10000,,,0,0,,16,83,169
2659,30000,,,0,0,,16,36,169
2660,40000,,,0,0,,16,75,169
2661,30000,,,0,0,,16,85,169
2662,30000,,,0,0,,16,19,169
2663,10000,,,0,0,,16,11,169
2664,5000,,,0,0,,16,73,169
2665,5000,,,0,0,,16,68,169
2666,10000,,,0,0,,16,84,169
2667,10000,,,0,0,,16,16,169
2668,5000,,,0,0,,16,1,170
2669,5000,,,0,0,,16,30,170
2670,5000,,,0,0,,16,2,170
2671,40000,,,0,0,,16,64,170
2672,10000,,,0,0,,16,3,170
2673,40000,,,0,0,,16,4,170
2674,30000,,,0,0,,16,5,170
2675,10000,,,0,0,,16,9,170
2676,10000,,,0,0,,16,83,170
2677,30000,,,0,0,,16,36,170
2678,80000,,,0,0,,16,75,170
2679,10000,,,0,0,,16,85,170
2680,30000,,,0,0,,16,19,170
2681,10000,,,0,0,,16,11,170
2682,5000,,,0,0,,16,73,170
2683,5000,,,0,0,,16,68,170
2684,10000,,,0,0,,16,84,170
2685,10000,,,0,0,,16,16,170
2686,5000,,,0,0,,16,1,171
2687,5000,,,0,0,,16,30,171
2688,5000,,,0,0,,16,2,171
2689,20000,,,0,0,,16,64,171
2690,10000,,,0,0,,16,3,171
2691,40000,,,0,0,,16,4,171
2692,80000,,,0,0,,16,5,171
2693,10000,,,0,0,,16,9,171
2694,10000,,,0,0,,16,83,171
2695,30000,,,0,0,,16,36,171
2696,80000,,,0,0,,16,75,171
2697,100000,,,0,0,,16,19,171
2698,10000,,,0,0,,16,11,171
2699,5000,,,0,0,,16,73,171
2700,5000,,,0,0,,16,68,171
2701,10000,,,0,0,,16,84,171
2702,10000,,,0,0,,16,16,171
2703,5000,,,0,0,,16,1,172
2704,5000,,,0,0,,16,30,172
2705,5000,,,0,0,,16,2,172
2706,40000,,,0,0,,16,64,172
2707,10000,,,0,0,,16,3,172
2708,40000,,,0,0,,16,4,172
2709,80000,,,0,0,,16,5,172
2710,20000,,,0,0,,16,9,172
2711,10000,,,0,0,,16,83,172
2712,30000,,,0,0,,16,36,172
2713,40000,,,0,0,,16,75,172
2714,40000,,,0,0,,16,85,172
2715,80000,,,0,0,,16,19,172
2716,10000,,,0,0,,16,11,172
2717,5000,,,0,0,,16,73,172
2718,5000,,,0,0,,16,68,172
2719,10000,,,0,0,,16,84,172
2720,10000,,,0,0,,16,16,172
2721,5000,,,0,0,,16,1,173
2722,5000,,,0,0,,16,30,173
2723,5000,,,0,0,,16,2,173
2724,40000,,,0,0,,16,64,173
2725,10000,,,0,0,,16,3,173
2726,40000,,,0,0,,16,4,173
2727,60000,,,0,0,,16,5,173
2728,20000,,,0,0,,16,9,173
2729,10000,,,0,0,,16,83,173
2730,30000,,,0,0,,16,36,173
2731,40000,,,0,0,,16,75,173
2732,10000,,,0,0,,16,85,173
2733,30000,,,0,0,,16,19,173
2734,5000,,,0,0,,16,86,173
2735,10000,,,0,0,,16,11,173
2736,5000,,,0,0,,16,73,173
2737,5000,,,0,0,,16,68,173
2738,10000,,,0,0,,16,84,173
2739,10000,,,0,0,,16,16,173
2740,5000,,,0,0,,16,1,174
2741,5000,,,0,0,,16,30,174
2742,5000,,,0,0,,16,2,174
2743,40000,,,0,0,,16,64,174
2744,10000,,,0,0,,16,3,174
2745,40000,,,0,0,,16,4,174
2746,60000,,,0,0,,16,5,174
2747,20000,,,0,0,,16,9,174
2748,10000,,,0,0,,16,83,174
2749,30000,,,0,0,,16,36,174
2750,40000,,,0,0,,16,75,174
2751,10000,,,0,0,,16,85,174
2752,30000,,,0,0,,16,19,174
2753,5000,,,0,0,,16,86,174
2754,10000,,,0,0,,16,11,174
2755,5000,,,0,0,,16,73,174
2756,5000,,,0,0,,16,68,174
2757,10000,,,0,0,,16,84,174
2758,10000,,,0,0,,16,16,174
2759,5000,,,0,0,,16,1,175
2760,5000,,,0,0,,16,30,175
2761,5000,,,0,0,,16,2,175
2762,40000,,,0,0,,16,64,175
2763,10000,,,0,0,,16,3,175
2764,40000,,,0,0,,16,4,175
2765,60000,,,0,0,,16,5,175
2766,20000,,,0,0,,16,9,175
2767,10000,,,0,0,,16,83,175
2768,30000,,,0,0,,16,36,175
2769,40000,,,0,0,,16,75,175
2770,10000,,,0,0,,16,85,175
2771,30000,,,0,0,,16,19,175
2772,5000,,,0,0,,16,86,175
2773,10000,,,0,0,,16,11,175
2774,5000,,,0,0,,16,73,175
2775,5000,,,0,0,,16,68,175
2776,10000,,,0,0,,16,84,175
2777,10000,,,0,0,,16,16,175
